"Location","measure_name","time","measure_value::double"
Tokyo,0002RSSI,1970-01-01 09:00:04,-51
Tokyo,0002RSSI,2022-11-11 19:51:04,-42
Tokyo,0002RSSI,2022-11-11 19:59:12,-49
Tokyo,0002RSSI,2022-11-11 20:13:13,-48
Tokyo,0002RSSI,2022-11-11 20:23:04,-47
Tokyo,0002RSSI,2022-11-11 20:44:21,-47
Tokyo,0002RSSI,2022-11-11 20:47:08,-52
Tokyo,0002RSSI,2022-11-11 21:04:20,-46
Tokyo,0002RSSI,2022-11-11 21:30:06,-48
Tokyo,0002RSSI,2022-11-11 21:34:04,-48
Tokyo,0002RSSI,2022-11-11 21:40:06,-51
Tokyo,0002RSSI,2022-11-11 21:43:55,-46
Tokyo,0002RSSI,2022-11-11 21:50:23,-39
Tokyo,0002RSSI,2022-11-11 22:00:06,-40
Tokyo,0002RSSI,2022-11-11 22:02:39,-38
Tokyo,0002RSSI,2022-11-11 22:10:06,-38
Tokyo,0002RSSI,2022-11-11 22:12:39,-40
Tokyo,0002RSSI,2022-11-11 22:20:06,-39
Tokyo,0002RSSI,2022-11-11 22:30:06,-38
Tokyo,0002RSSI,2022-11-11 22:40:06,-41
Tokyo,0002RSSI,2022-11-11 22:53:05,-39
Tokyo,0002RSSI,2022-11-11 23:00:06,-45
Tokyo,0002RSSI,2022-11-11 23:10:06,-41
Tokyo,0002RSSI,2022-11-11 23:20:06,-38
Tokyo,0002RSSI,2022-11-11 23:30:06,-42
Tokyo,0002RSSI,2022-11-11 23:40:06,-42
Tokyo,0002RSSI,2022-11-11 23:48:38,-48
Tokyo,0002RSSI,2022-11-12 00:19:26,-47
Tokyo,0002RSSI,2022-11-12 00:23:27,-41
Tokyo,0002RSSI,2022-11-12 12:05:57,-30
Tokyo,0002RSSI,2022-11-12 12:20:06,-30
Tokyo,0002RSSI,2022-11-12 12:30:06,-31
Tokyo,0002RSSI,2022-11-12 12:37:03,-29
Tokyo,0002RSSI,2022-11-12 12:40:06,-30
Tokyo,0002RSSI,2022-11-12 12:47:18,-30
Tokyo,0002RSSI,2022-11-12 13:00:06,-36
Tokyo,0002RSSI,2022-11-12 13:10:06,-30
Tokyo,0002RSSI,2022-11-12 13:20:06,-32
Tokyo,0002RSSI,2022-11-12 13:30:06,-34
Tokyo,0002RSSI,2022-11-12 13:40:06,-33
Tokyo,0002RSSI,2022-11-12 13:50:06,-34
Tokyo,0002RSSI,2022-11-12 14:00:06,-34
Tokyo,0002RSSI,2022-11-12 14:10:06,-34
Tokyo,0002RSSI,2022-11-12 14:20:06,-34
Tokyo,0002RSSI,2022-11-12 14:30:06,-33
Tokyo,0002RSSI,2022-11-12 14:40:06,-33
Tokyo,0002RSSI,2022-11-12 14:50:06,-34
Tokyo,0002RSSI,2022-11-12 15:00:06,-33
Tokyo,0002RSSI,2022-11-12 15:10:06,-34
Tokyo,0002RSSI,2022-11-12 15:20:06,-33
Tokyo,0002RSSI,2022-11-12 15:30:06,-35
Tokyo,0002RSSI,2022-11-12 15:40:06,-34
Tokyo,0002RSSI,2022-11-12 15:50:06,-34
Tokyo,0002RSSI,2022-11-12 16:00:06,-34
Tokyo,0002RSSI,2022-11-12 16:10:06,-34
Tokyo,0002RSSI,2022-11-12 16:20:06,-34
Tokyo,0002RSSI,2022-11-12 16:30:06,-34
Tokyo,0002RSSI,2022-11-12 16:40:06,-34
Tokyo,0002RSSI,2022-11-12 16:50:06,-34
Tokyo,0002RSSI,2022-11-12 17:00:06,-36
Tokyo,0002RSSI,2022-11-12 17:10:06,-34
Tokyo,0002RSSI,2022-11-12 17:20:06,-35
Tokyo,0002RSSI,2022-11-12 17:30:06,-35
Tokyo,0002RSSI,2022-11-12 17:40:06,-33
Tokyo,0002RSSI,2022-11-12 17:50:06,-35
Tokyo,0002RSSI,2022-11-12 18:00:06,-34
Tokyo,0002RSSI,2022-11-12 18:10:06,-34
Tokyo,0002RSSI,2022-11-12 18:20:06,-35
Tokyo,0002RSSI,2022-11-12 18:30:06,-34
Tokyo,0002RSSI,2022-11-12 18:40:06,-34
Tokyo,0002RSSI,2022-11-12 18:50:06,-34
Tokyo,0002RSSI,2022-11-12 19:00:06,-34
Tokyo,0002RSSI,2022-11-12 19:10:06,-35
Tokyo,0002RSSI,2022-11-12 19:20:06,-34
Tokyo,0002RSSI,2022-11-12 19:30:06,-34
Tokyo,0002RSSI,2022-11-12 19:40:06,-34
Tokyo,0002RSSI,2022-11-12 19:50:06,-33
Tokyo,0002RSSI,2022-11-12 20:00:06,-34
Tokyo,0002RSSI,2022-11-12 20:10:06,-35
Tokyo,0002RSSI,2022-11-12 20:20:06,-36
Tokyo,0002RSSI,2022-11-12 20:30:06,-35
Tokyo,0002RSSI,2022-11-12 20:40:06,-35
Tokyo,0002RSSI,2022-11-12 20:50:06,-34
Tokyo,0002RSSI,2022-11-12 21:00:06,-34
Tokyo,0002RSSI,2022-11-12 21:10:06,-35
Tokyo,0002RSSI,2022-11-12 21:20:06,-34
Tokyo,0002RSSI,2022-11-12 21:30:06,-34
Tokyo,0002RSSI,2022-11-12 21:40:06,-34
Tokyo,0002RSSI,2022-11-12 21:50:06,-34
Tokyo,0002RSSI,2022-11-12 22:00:06,-34
Tokyo,0002RSSI,2022-11-12 22:10:06,-36
Tokyo,0002RSSI,2022-11-14 13:36:48,-36
Tokyo,0002RSSI,2022-11-14 13:50:06,-33
Tokyo,0002RSSI,2022-11-14 14:00:06,-32
Tokyo,0002RSSI,2022-11-14 14:14:46,-15
Tokyo,0002RSSI,2022-11-14 14:16:04,-15
Tokyo,0002RSSI,2022-11-14 14:18:43,-16
Tokyo,0002RSSI,2022-11-14 14:20:06,-16
Tokyo,0002RSSI,2022-11-14 14:29:18,-21
Tokyo,0002RSSI,2022-11-14 14:40:06,-21
Tokyo,0002RSSI,2022-11-14 15:00:06,-29
Tokyo,0002RSSI,2022-11-14 21:37:47,-30
Tokyo,0002RSSI,2022-11-14 22:00:06,-29
Tokyo,0002RSSI,2022-11-14 22:10:06,-29
Tokyo,0002RSSI,2022-11-14 22:20:06,-29
Tokyo,0002RSSI,2022-11-14 22:30:06,-27
Tokyo,0002RSSI,2022-11-14 22:40:06,-26
Tokyo,0002RSSI,2022-11-14 22:50:06,-27
Tokyo,0002RSSI,2022-11-14 23:00:06,-30
Tokyo,0002RSSI,2022-11-14 23:10:06,-31
Tokyo,0002RSSI,2022-11-14 23:20:06,-31
Tokyo,0002RSSI,2022-11-14 23:30:06,-30
Tokyo,0002RSSI,2022-11-14 23:40:06,-30
Tokyo,0002RSSI,2022-11-14 23:50:06,-31
Tokyo,0002RSSI,2022-11-15 00:00:06,-30
Tokyo,0002RSSI,2022-11-15 00:10:06,-30
Tokyo,0002RSSI,2022-11-15 00:20:06,-30
Tokyo,0002RSSI,2022-11-15 00:30:06,-30
Tokyo,0002RSSI,2022-11-15 00:40:06,-29
Tokyo,0002RSSI,2022-11-15 00:50:06,-30
Tokyo,0002RSSI,2022-11-15 01:00:06,-29
Tokyo,0002RSSI,2022-11-15 01:10:06,-25
Tokyo,0002RSSI,2022-11-15 01:20:06,-30
Tokyo,0002RSSI,2022-11-15 01:30:06,-39
Tokyo,0002RSSI,2022-11-15 01:40:06,-48
Tokyo,0002RSSI,2022-11-15 01:50:06,-50
Tokyo,0002RSSI,2022-11-15 02:00:06,-52
Tokyo,0002RSSI,2022-11-15 02:10:06,-50
Tokyo,0002RSSI,2022-11-15 02:20:06,-50
Tokyo,0002RSSI,2022-11-15 02:30:06,-49
Tokyo,0002RSSI,2022-11-15 02:40:06,-52
Tokyo,0002RSSI,2022-11-15 02:50:06,-51
Tokyo,0002RSSI,2022-11-15 03:00:06,-56
Tokyo,0002RSSI,2022-11-15 03:10:06,-56
Tokyo,0002RSSI,2022-11-15 03:20:06,-56
Tokyo,0002RSSI,2022-11-15 03:30:06,-55
Tokyo,0002RSSI,2022-11-15 03:40:06,-54
Tokyo,0002RSSI,2022-11-15 03:50:06,-55
Tokyo,0002RSSI,2022-11-15 04:00:06,-54
Tokyo,0002RSSI,2022-11-15 04:10:06,-55
Tokyo,0002RSSI,2022-11-15 04:20:06,-55
Tokyo,0002RSSI,2022-11-15 04:30:06,-55
Tokyo,0002RSSI,2022-11-15 04:40:06,-55
Tokyo,0002RSSI,2022-11-15 04:50:06,-55
Tokyo,0002RSSI,2022-11-15 05:00:06,-54
Tokyo,0002RSSI,2022-11-15 05:10:06,-55
Tokyo,0002RSSI,2022-11-15 05:20:06,-55
Tokyo,0002RSSI,2022-11-15 05:30:06,-56
Tokyo,0002RSSI,2022-11-15 05:40:06,-56
Tokyo,0002RSSI,2022-11-15 05:50:06,-55
Tokyo,0002RSSI,2022-11-15 06:00:06,-57
Tokyo,0002RSSI,2022-11-15 06:10:06,-54
Tokyo,0002RSSI,2022-11-15 06:20:06,-54
Tokyo,0002RSSI,2022-11-15 06:30:06,-56
Tokyo,0002RSSI,2022-11-15 06:40:06,-61
Tokyo,0002RSSI,2022-11-15 06:50:06,-58
Tokyo,0002RSSI,2022-11-15 07:00:06,-56
Tokyo,0002RSSI,2022-11-15 07:10:06,-54
Tokyo,0002RSSI,2022-11-15 07:50:06,-120
Tokyo,0002RSSI,2022-11-15 09:10:06,-120
Tokyo,0002RSSI,2022-11-15 09:20:06,-105
Tokyo,0002RSSI,2022-11-15 09:40:06,-120
Tokyo,0002RSSI,2022-11-15 09:44:28,-121
Tokyo,0002RSSI,2022-11-15 10:00:06,-122
Tokyo,0002RSSI,2022-11-15 10:10:06,-123
Tokyo,0002RSSI,2022-11-15 10:20:06,-123
Tokyo,0002RSSI,2022-11-15 10:40:06,-121
Tokyo,0002RSSI,2022-11-15 10:50:06,-123
Tokyo,0002RSSI,2022-11-15 11:00:06,-121
Tokyo,0002RSSI,2022-11-15 11:10:06,-121
Tokyo,0002RSSI,2022-11-15 11:20:06,-123
Tokyo,0002RSSI,2022-11-15 11:30:06,-125
Tokyo,0002RSSI,2022-11-15 11:40:06,-128
Tokyo,0002RSSI,2022-11-15 11:50:06,-123
Tokyo,0002RSSI,2022-11-15 12:00:06,-128
Tokyo,0002RSSI,2022-11-15 12:10:06,-124
Tokyo,0002RSSI,2022-11-15 12:20:06,-119
Tokyo,0002RSSI,2022-11-15 12:30:06,-115
Tokyo,0002RSSI,2022-11-15 12:40:06,-125
Tokyo,0002RSSI,2022-11-15 12:50:06,-124
Tokyo,0002RSSI,2022-11-15 13:00:06,-126
Tokyo,0002RSSI,2022-11-15 13:10:06,-116
Tokyo,0002RSSI,2022-11-15 13:20:06,-117
Tokyo,0002RSSI,2022-11-15 13:30:06,-118
Tokyo,0002RSSI,2022-11-15 13:40:06,-117
Tokyo,0002RSSI,2022-11-15 13:50:06,-117
Tokyo,0002RSSI,2022-11-15 14:00:06,-104
Tokyo,0002RSSI,2022-11-15 14:10:06,-106
Tokyo,0002RSSI,2022-11-15 14:30:06,-104
Tokyo,0002RSSI,2022-11-15 16:00:06,-105
Tokyo,0002RSSI,2022-11-15 16:10:06,-105
Tokyo,0002RSSI,2022-11-15 16:20:06,-104
Tokyo,0002RSSI,2022-11-16 13:20:06,-118
Tokyo,0002RSSI,2022-11-16 13:40:06,-105
Tokyo,0002RSSI,2022-11-16 13:50:06,-106
Tokyo,0002RSSI,2022-11-16 14:00:06,-94
Tokyo,0002RSSI,2022-11-16 14:10:06,-115
Tokyo,0002RSSI,2022-11-16 14:20:06,-89
Tokyo,0002RSSI,2022-11-16 14:50:06,-88
Tokyo,0002RSSI,2022-11-16 15:00:06,-87
Tokyo,0002RSSI,2022-11-16 15:10:06,-89
Tokyo,0002RSSI,2022-11-16 15:20:06,-89
Tokyo,0002RSSI,2022-11-16 15:30:06,-88
Tokyo,0002RSSI,2022-11-16 15:40:06,-87
Tokyo,0002RSSI,2022-11-16 15:50:06,-87
Tokyo,0002RSSI,2022-11-16 16:00:06,-88
Tokyo,0002RSSI,2022-11-16 16:10:06,-88
Tokyo,0002RSSI,2022-11-16 16:20:06,-88
Tokyo,0002RSSI,2022-11-16 16:30:06,-87
Tokyo,0002RSSI,2022-11-16 16:40:06,-88
Tokyo,0002RSSI,2022-11-16 16:50:06,-88
Tokyo,0002RSSI,2022-11-16 17:00:06,-88
Tokyo,0002RSSI,2022-11-16 17:10:06,-89
Tokyo,0002RSSI,2022-11-16 17:20:06,-89
Tokyo,0002RSSI,2022-11-16 17:30:06,-88
Tokyo,0002RSSI,2022-11-16 17:40:06,-88
Tokyo,0002RSSI,2022-11-16 17:50:06,-88
Tokyo,0002RSSI,2022-11-16 18:00:06,-88
Tokyo,0002RSSI,2022-11-16 18:10:06,-88
Tokyo,0002RSSI,2022-11-16 18:20:06,-88
Tokyo,0002RSSI,2022-11-16 18:30:06,-89
Tokyo,0002RSSI,2022-11-16 18:40:06,-88
Tokyo,0002RSSI,2022-11-16 18:50:06,-88
Tokyo,0002RSSI,2022-11-16 19:00:06,-88
Tokyo,0002RSSI,2022-11-16 19:10:06,-88
Tokyo,0002RSSI,2022-11-16 19:20:06,-88
Tokyo,0002RSSI,2022-11-16 19:30:06,-88
Tokyo,0002RSSI,2022-11-16 19:40:06,-87
Tokyo,0002RSSI,2022-11-16 19:50:06,-88
Tokyo,0002RSSI,2022-11-16 20:00:06,-88
Tokyo,0002RSSI,2022-11-16 20:10:06,-88
Tokyo,0002RSSI,2022-11-16 20:20:06,-88
Tokyo,0002RSSI,2022-11-16 20:30:06,-87
Tokyo,0002RSSI,2022-11-16 20:40:06,-88
Tokyo,0002RSSI,2022-11-16 20:50:06,-88
Tokyo,0002RSSI,2022-11-16 21:00:06,-88
Tokyo,0002RSSI,2022-11-16 21:10:06,-88
Tokyo,0002RSSI,2022-11-16 21:20:06,-88
Tokyo,0002RSSI,2022-11-16 21:30:06,-88
Tokyo,0002RSSI,2022-11-16 21:40:06,-88
Tokyo,0002RSSI,2022-11-16 21:50:06,-89
Tokyo,0002RSSI,2022-11-16 22:00:06,-88
Tokyo,0002RSSI,2022-11-16 22:10:06,-89
Tokyo,0002RSSI,2022-11-16 22:20:06,-90
Tokyo,0002RSSI,2022-11-16 22:30:06,-89
Tokyo,0002RSSI,2022-11-16 22:40:06,-88
Tokyo,0002RSSI,2022-11-16 22:50:06,-88
Tokyo,0002RSSI,2022-11-16 23:00:06,-88
Tokyo,0002RSSI,2022-11-16 23:10:06,-87
Tokyo,0002RSSI,2022-11-16 23:20:06,-90
Tokyo,0002RSSI,2022-11-16 23:30:06,-89
Tokyo,0002RSSI,2022-11-16 23:40:06,-88
Tokyo,0002RSSI,2022-11-16 23:50:06,-88
Tokyo,0002RSSI,2022-11-17 00:00:06,-88
Tokyo,0002RSSI,2022-11-17 00:10:06,-88
Tokyo,0002RSSI,2022-11-17 00:30:06,-88
Tokyo,0002RSSI,2022-11-17 00:40:06,-88
Tokyo,0002RSSI,2022-11-17 00:50:06,-88
Tokyo,0002RSSI,2022-11-17 01:00:06,-89
Tokyo,0002RSSI,2022-11-17 01:10:06,-89
Tokyo,0002RSSI,2022-11-17 01:20:06,-89
Tokyo,0002RSSI,2022-11-17 01:30:06,-88
Tokyo,0002RSSI,2022-11-17 01:40:06,-89
Tokyo,0002RSSI,2022-11-17 01:50:06,-88
Tokyo,0002RSSI,2022-11-17 02:00:06,-89
Tokyo,0002RSSI,2022-11-17 02:10:06,-88
Tokyo,0002RSSI,2022-11-17 02:20:06,-89
Tokyo,0002RSSI,2022-11-17 02:30:06,-88
Tokyo,0002RSSI,2022-11-17 02:40:06,-90
Tokyo,0002RSSI,2022-11-17 02:50:06,-88
Tokyo,0002RSSI,2022-11-17 03:00:06,-88
Tokyo,0002RSSI,2022-11-17 03:10:06,-88
Tokyo,0002RSSI,2022-11-17 03:20:06,-89
Tokyo,0002RSSI,2022-11-17 03:30:06,-88
Tokyo,0002RSSI,2022-11-17 03:40:06,-89
Tokyo,0002RSSI,2022-11-17 03:50:06,-90
Tokyo,0002RSSI,2022-11-17 04:00:06,-89
Tokyo,0002RSSI,2022-11-17 04:10:06,-89
Tokyo,0002RSSI,2022-11-17 04:20:06,-88
Tokyo,0002RSSI,2022-11-17 04:30:06,-89
Tokyo,0002RSSI,2022-11-17 04:40:06,-89
Tokyo,0002RSSI,2022-11-17 04:50:06,-88
Tokyo,0002RSSI,2022-11-17 05:00:06,-89
Tokyo,0002RSSI,2022-11-17 05:10:06,-89
Tokyo,0002RSSI,2022-11-17 05:20:06,-90
Tokyo,0002RSSI,2022-11-17 05:30:06,-90
Tokyo,0002RSSI,2022-11-17 05:40:06,-89
Tokyo,0002RSSI,2022-11-17 05:50:06,-88
Tokyo,0002RSSI,2022-11-17 06:00:06,-89
Tokyo,0002RSSI,2022-11-17 06:10:06,-89
Tokyo,0002RSSI,2022-11-17 06:20:06,-89
Tokyo,0002RSSI,2022-11-17 06:30:06,-90
Tokyo,0002RSSI,2022-11-17 06:40:06,-89
Tokyo,0002RSSI,2022-11-17 06:50:06,-89
Tokyo,0002RSSI,2022-11-17 07:00:06,-89
Tokyo,0002RSSI,2022-11-17 07:10:06,-88
Tokyo,0002RSSI,2022-11-17 07:20:06,-89
Tokyo,0002RSSI,2022-11-17 07:30:06,-89
Tokyo,0002RSSI,2022-11-17 07:40:06,-89
Tokyo,0002RSSI,2022-11-17 07:50:06,-90
Tokyo,0002RSSI,2022-11-17 08:00:06,-89
Tokyo,0002RSSI,2022-11-17 08:10:06,-91
Tokyo,0002RSSI,2022-11-17 08:20:06,-90
Tokyo,0002RSSI,2022-11-17 08:50:06,-89
Tokyo,0002RSSI,2022-11-17 09:00:06,-89
Tokyo,0002RSSI,2022-11-17 09:10:06,-89
Tokyo,0002RSSI,2022-11-17 09:20:06,-89
Tokyo,0002RSSI,2022-11-17 09:30:06,-90
Tokyo,0002RSSI,2022-11-17 09:40:06,-90
Tokyo,0002RSSI,2022-11-17 09:50:06,-89
Tokyo,0002RSSI,2022-11-17 10:00:06,-89
Tokyo,0002RSSI,2022-11-17 10:10:06,-89
Tokyo,0002RSSI,2022-11-17 10:20:06,-90
Tokyo,0002RSSI,2022-11-17 10:30:06,-88
Tokyo,0002RSSI,2022-11-17 10:40:06,-88
Tokyo,0002RSSI,2022-11-17 10:50:06,-89
Tokyo,0002RSSI,2022-11-17 11:00:06,-89
Tokyo,0002RSSI,2022-11-17 11:10:06,-90
Tokyo,0002RSSI,2022-11-17 11:20:06,-88
Tokyo,0002RSSI,2022-11-17 11:30:06,-88
Tokyo,0002RSSI,2022-11-17 11:40:06,-88
Tokyo,0002RSSI,2022-11-17 11:50:06,-88
Tokyo,0002RSSI,2022-11-17 12:00:06,-90
Tokyo,0002RSSI,2022-11-17 12:10:06,-88
Tokyo,0002RSSI,2022-11-17 12:20:06,-89
Tokyo,0002RSSI,2022-11-17 12:30:06,-89
Tokyo,0002RSSI,2022-11-17 12:40:06,-87
Tokyo,0002RSSI,2022-11-17 12:50:06,-88
Tokyo,0002RSSI,2022-11-17 13:00:06,-89
Tokyo,0002RSSI,2022-11-17 13:10:06,-88
Tokyo,0002RSSI,2022-11-17 13:20:06,-88
Tokyo,0002RSSI,2022-11-17 13:30:06,-88
Tokyo,0002RSSI,2022-11-17 13:40:06,-89
Tokyo,0002RSSI,2022-11-17 13:50:06,-88
Tokyo,0002RSSI,2022-11-17 14:00:06,-90
Tokyo,0002RSSI,2022-11-17 14:10:06,-88
Tokyo,0002RSSI,2022-11-17 14:20:06,-88
Tokyo,0002RSSI,2022-11-17 14:30:06,-88
Tokyo,0002RSSI,2022-11-17 14:40:06,-89
Tokyo,0002RSSI,2022-11-17 14:50:06,-88
Tokyo,0002RSSI,2022-11-17 15:00:06,-88
Tokyo,0002RSSI,2022-11-17 15:10:06,-88
Tokyo,0002RSSI,2022-11-17 15:20:06,-87
Tokyo,0002RSSI,2022-11-17 15:30:06,-88
Tokyo,0002RSSI,2022-11-17 15:40:06,-90
Tokyo,0002RSSI,2022-11-17 15:50:06,-88
Tokyo,0002RSSI,2022-11-17 16:00:06,-87
Tokyo,0002RSSI,2022-11-17 16:10:06,-88
Tokyo,0002RSSI,2022-11-17 16:20:06,-89
Tokyo,0002RSSI,2022-11-17 16:30:06,-88
Tokyo,0002RSSI,2022-11-17 16:40:06,-88
Tokyo,0002RSSI,2022-11-17 16:50:06,-89
Tokyo,0002RSSI,2022-11-17 17:00:06,-88
Tokyo,0002RSSI,2022-11-17 17:10:06,-88
Tokyo,0002RSSI,2022-11-17 17:20:06,-89
Tokyo,0002RSSI,2022-11-17 17:30:06,-88
Tokyo,0002RSSI,2022-11-17 17:40:06,-88
Tokyo,0002RSSI,2022-11-17 17:50:06,-88
Tokyo,0002RSSI,2022-11-17 18:00:06,-88
Tokyo,0002RSSI,2022-11-17 18:10:06,-90
Tokyo,0002RSSI,2022-11-17 18:20:06,-89
Tokyo,0002RSSI,2022-11-17 18:30:06,-89
Tokyo,0002RSSI,2022-11-17 18:40:06,-88
Tokyo,0002RSSI,2022-11-17 18:50:06,-88
Tokyo,0002RSSI,2022-11-17 19:00:06,-89
Tokyo,0002RSSI,2022-11-17 19:10:06,-88
Tokyo,0002RSSI,2022-11-17 19:20:06,-88
Tokyo,0002RSSI,2022-11-17 19:40:06,-88
Tokyo,0002RSSI,2022-11-17 19:50:06,-89
Tokyo,0002RSSI,2022-11-17 20:00:06,-89
Tokyo,0002RSSI,2022-11-17 20:10:06,-89
Tokyo,0002RSSI,2022-11-17 20:20:06,-90
Tokyo,0002RSSI,2022-11-17 20:30:06,-90
Tokyo,0002RSSI,2022-11-17 20:40:06,-89
Tokyo,0002RSSI,2022-11-17 20:50:06,-89
Tokyo,0002RSSI,2022-11-17 21:00:06,-90
Tokyo,0002RSSI,2022-11-17 21:10:06,-90
Tokyo,0002RSSI,2022-11-17 21:20:06,-88
Tokyo,0002RSSI,2022-11-17 21:30:06,-88
Tokyo,0002RSSI,2022-11-17 21:40:06,-89
Tokyo,0002RSSI,2022-11-17 21:50:06,-88
Tokyo,0002RSSI,2022-11-17 22:00:06,-89
Tokyo,0002RSSI,2022-11-17 22:10:06,-90
Tokyo,0002RSSI,2022-11-17 22:20:06,-90
Tokyo,0002RSSI,2022-11-17 22:30:06,-90
Tokyo,0002RSSI,2022-11-17 22:40:06,-89
Tokyo,0002RSSI,2022-11-17 22:50:06,-89
Tokyo,0002RSSI,2022-11-17 23:00:06,-89
Tokyo,0002RSSI,2022-11-17 23:10:06,-89
Tokyo,0002RSSI,2022-11-17 23:20:06,-90
Tokyo,0002RSSI,2022-11-17 23:30:06,-89
Tokyo,0002RSSI,2022-11-17 23:50:06,-89
Tokyo,0002RSSI,2022-11-18 00:00:06,-89
Tokyo,0002RSSI,2022-11-18 00:10:06,-88
Tokyo,0002RSSI,2022-11-18 00:20:06,-90
Tokyo,0002RSSI,2022-11-18 00:30:06,-89
Tokyo,0002RSSI,2022-11-18 00:40:06,-90
Tokyo,0002RSSI,2022-11-18 00:50:06,-90
Tokyo,0002RSSI,2022-11-18 01:00:06,-89
Tokyo,0002RSSI,2022-11-18 01:10:06,-89
Tokyo,0002RSSI,2022-11-18 01:20:06,-89
Tokyo,0002RSSI,2022-11-18 01:30:06,-89
Tokyo,0002RSSI,2022-11-18 01:40:06,-88
Tokyo,0002RSSI,2022-11-18 01:50:06,-88
Tokyo,0002RSSI,2022-11-18 02:00:06,-89
Tokyo,0002RSSI,2022-11-18 02:10:06,-89
Tokyo,0002RSSI,2022-11-18 02:20:06,-90
Tokyo,0002RSSI,2022-11-18 02:30:06,-89
Tokyo,0002RSSI,2022-11-18 02:40:06,-89
Tokyo,0002RSSI,2022-11-18 02:50:06,-90
Tokyo,0002RSSI,2022-11-18 03:00:06,-89
Tokyo,0002RSSI,2022-11-18 03:10:06,-89
Tokyo,0002RSSI,2022-11-18 03:20:06,-89
Tokyo,0002RSSI,2022-11-18 03:30:06,-89
Tokyo,0002RSSI,2022-11-18 03:40:06,-90
Tokyo,0002RSSI,2022-11-18 03:50:06,-90
Tokyo,0002RSSI,2022-11-18 04:00:06,-90
Tokyo,0002RSSI,2022-11-18 04:10:06,-90
Tokyo,0002RSSI,2022-11-18 04:20:06,-89
Tokyo,0002RSSI,2022-11-18 04:30:06,-90
Tokyo,0002RSSI,2022-11-18 04:40:06,-89
Tokyo,0002RSSI,2022-11-18 04:50:06,-90
Tokyo,0002RSSI,2022-11-18 05:00:06,-90
Tokyo,0002RSSI,2022-11-18 05:10:06,-89
Tokyo,0002RSSI,2022-11-18 05:20:06,-89
Tokyo,0002RSSI,2022-11-18 05:30:06,-89
Tokyo,0002RSSI,2022-11-18 05:40:06,-90
Tokyo,0002RSSI,2022-11-18 05:50:06,-90
Tokyo,0002RSSI,2022-11-18 06:00:06,-90
Tokyo,0002RSSI,2022-11-18 06:10:06,-90
Tokyo,0002RSSI,2022-11-18 06:20:06,-91
Tokyo,0002RSSI,2022-11-18 06:28:21,-90
Tokyo,0002RSSI,2022-11-19 06:25:53,-89
Tokyo,0002RSSI,2022-11-19 06:40:06,-89
Tokyo,0002RSSI,2022-11-19 06:50:06,-89
Tokyo,0002RSSI,2022-11-19 07:00:06,-90
Tokyo,0002RSSI,2022-11-19 07:10:06,-90
Tokyo,0002RSSI,2022-11-19 07:20:06,-91
Tokyo,0002RSSI,2022-11-19 07:30:06,-90
Tokyo,0002RSSI,2022-11-19 07:40:06,-93
Tokyo,0002RSSI,2022-11-19 07:50:06,-90
Tokyo,0002RSSI,2022-11-19 08:00:06,-90
Tokyo,0002RSSI,2022-11-19 08:10:06,-90
Tokyo,0002RSSI,2022-11-19 08:20:06,-89
Tokyo,0002RSSI,2022-11-19 08:30:06,-91
Tokyo,0002RSSI,2022-11-19 08:40:06,-90
Tokyo,0002RSSI,2022-11-19 08:50:06,-89
Tokyo,0002RSSI,2022-11-19 09:00:06,-90
Tokyo,0002RSSI,2022-11-19 09:10:06,-90
Tokyo,0002RSSI,2022-11-19 09:20:06,-89
Tokyo,0002RSSI,2022-11-19 09:30:06,-89
Tokyo,0002RSSI,2022-11-19 09:40:06,-89
Tokyo,0002RSSI,2022-11-19 09:50:06,-89
Tokyo,0002RSSI,2022-11-19 10:00:06,-90
Tokyo,0002RSSI,2022-11-19 10:10:06,-89
Tokyo,0002RSSI,2022-11-19 10:20:06,-89
Tokyo,0002RSSI,2022-11-19 10:30:06,-90
Tokyo,0002RSSI,2022-11-19 10:40:06,-89
Tokyo,0002RSSI,2022-11-19 10:50:06,-88
Tokyo,0002RSSI,2022-11-19 11:00:06,-88
Tokyo,0002RSSI,2022-11-19 11:10:06,-88
Tokyo,0002RSSI,2022-11-19 11:20:06,-88
Tokyo,0002RSSI,2022-11-19 11:30:06,-89
Tokyo,0002RSSI,2022-11-19 11:40:06,-89
Tokyo,0002RSSI,2022-11-19 11:50:06,-88
Tokyo,0002RSSI,2022-11-19 12:00:06,-88
Tokyo,0002RSSI,2022-11-19 12:10:06,-90
Tokyo,0002RSSI,2022-11-19 12:20:06,-89
Tokyo,0002RSSI,2022-11-19 12:30:06,-89
Tokyo,0002RSSI,2022-11-19 12:40:06,-88
Tokyo,0002RSSI,2022-11-19 12:50:06,-89
Tokyo,0002RSSI,2022-11-19 13:00:06,-89
Tokyo,0002RSSI,2022-11-19 13:10:06,-89
Tokyo,0002RSSI,2022-11-19 13:20:06,-88
Tokyo,0002RSSI,2022-11-19 13:30:06,-89
Tokyo,0002RSSI,2022-11-19 13:40:06,-89
Tokyo,0002RSSI,2022-11-19 13:50:06,-88
Tokyo,0002RSSI,2022-11-19 14:00:06,-88
Tokyo,0002RSSI,2022-11-19 14:10:06,-89
Tokyo,0002RSSI,2022-11-19 14:20:06,-89
Tokyo,0002RSSI,2022-11-19 14:30:06,-89
Tokyo,0002RSSI,2022-11-19 14:40:06,-89
Tokyo,0002RSSI,2022-11-19 14:50:06,-89
Tokyo,0002RSSI,2022-11-19 15:00:06,-89
Tokyo,0002RSSI,2022-11-19 15:10:06,-89
Tokyo,0002RSSI,2022-11-19 15:20:06,-88
Tokyo,0002RSSI,2022-11-19 15:30:06,-89
Tokyo,0002RSSI,2022-11-19 15:40:06,-88
Tokyo,0002RSSI,2022-11-19 15:50:06,-88
Tokyo,0002RSSI,2022-11-19 16:00:06,-88
Tokyo,0002RSSI,2022-11-19 16:10:06,-89
Tokyo,0002RSSI,2022-11-19 16:20:06,-87
Tokyo,0002RSSI,2022-11-19 16:30:06,-89
Tokyo,0002RSSI,2022-11-19 16:40:06,-87
Tokyo,0002RSSI,2022-11-19 16:50:06,-88
Tokyo,0002RSSI,2022-11-19 17:00:06,-88
Tokyo,0002RSSI,2022-11-19 17:10:06,-88
Tokyo,0002RSSI,2022-11-19 17:20:06,-88
Tokyo,0002RSSI,2022-11-19 17:30:06,-89
Tokyo,0002RSSI,2022-11-19 17:40:06,-89
Tokyo,0002RSSI,2022-11-19 17:50:06,-88
Tokyo,0002RSSI,2022-11-19 18:00:06,-88
Tokyo,0002RSSI,2022-11-19 18:10:06,-89
Tokyo,0002RSSI,2022-11-19 18:20:06,-88
Tokyo,0002RSSI,2022-11-19 18:30:06,-88
Tokyo,0002RSSI,2022-11-19 18:40:06,-88
Tokyo,0002RSSI,2022-11-19 18:50:06,-88
Tokyo,0002RSSI,2022-11-19 19:00:06,-89
Tokyo,0002RSSI,2022-11-19 19:10:06,-88
Tokyo,0002RSSI,2022-11-19 19:20:06,-89
Tokyo,0002RSSI,2022-11-19 19:30:06,-88
Tokyo,0002RSSI,2022-11-19 19:40:06,-88
Tokyo,0002RSSI,2022-11-19 19:50:06,-88
Tokyo,0002RSSI,2022-11-19 20:00:06,-88
Tokyo,0002RSSI,2022-11-19 20:10:06,-88
Tokyo,0002RSSI,2022-11-19 20:20:06,-88
Tokyo,0002RSSI,2022-11-19 20:30:06,-88
Tokyo,0002RSSI,2022-11-19 20:40:06,-89
Tokyo,0002RSSI,2022-11-19 20:50:06,-88
Tokyo,0002RSSI,2022-11-19 21:00:06,-88
Tokyo,0002RSSI,2022-11-19 21:10:06,-88
Tokyo,0002RSSI,2022-11-19 21:20:06,-89
Tokyo,0002RSSI,2022-11-19 21:30:06,-88
Tokyo,0002RSSI,2022-11-19 21:40:06,-88
Tokyo,0002RSSI,2022-11-19 21:50:06,-89
Tokyo,0002RSSI,2022-11-19 22:00:06,-88
Tokyo,0002RSSI,2022-11-19 22:10:06,-90
Tokyo,0002RSSI,2022-11-19 22:20:06,-88
Tokyo,0002RSSI,2022-11-19 22:30:06,-88
Tokyo,0002RSSI,2022-11-19 22:40:06,-88
Tokyo,0002RSSI,2022-11-19 22:50:06,-88
Tokyo,0002RSSI,2022-11-19 23:00:06,-89
Tokyo,0002RSSI,2022-11-19 23:10:06,-88
Tokyo,0002RSSI,2022-11-19 23:20:06,-88
Tokyo,0002RSSI,2022-11-19 23:30:06,-88
Tokyo,0002RSSI,2022-11-19 23:40:06,-88
Tokyo,0002RSSI,2022-11-19 23:50:06,-88
Tokyo,0002RSSI,2022-11-20 00:00:06,-88
Tokyo,0002RSSI,2022-11-20 00:10:06,-88
Tokyo,0002RSSI,2022-11-20 00:20:06,-89
Tokyo,0002RSSI,2022-11-20 00:30:06,-89
Tokyo,0002RSSI,2022-11-20 00:40:06,-89
Tokyo,0002RSSI,2022-11-20 00:50:06,-89
Tokyo,0002RSSI,2022-11-20 01:00:06,-88
Tokyo,0002RSSI,2022-11-20 01:10:06,-89
Tokyo,0002RSSI,2022-11-20 01:20:06,-89
Tokyo,0002RSSI,2022-11-20 01:30:06,-89
Tokyo,0002RSSI,2022-11-20 01:40:06,-89
Tokyo,0002RSSI,2022-11-20 01:50:06,-89
Tokyo,0002RSSI,2022-11-20 02:00:06,-91
Tokyo,0002RSSI,2022-11-20 02:10:06,-88
Tokyo,0002RSSI,2022-11-20 02:20:06,-89
Tokyo,0002RSSI,2022-11-20 02:30:06,-90
Tokyo,0002RSSI,2022-11-20 02:40:06,-89
Tokyo,0002RSSI,2022-11-20 02:50:06,-91
Tokyo,0002RSSI,2022-11-20 03:00:06,-90
Tokyo,0002RSSI,2022-11-20 03:10:06,-90
Tokyo,0002RSSI,2022-11-20 03:20:06,-90
Tokyo,0002RSSI,2022-11-20 03:40:06,-89
Tokyo,0002RSSI,2022-11-20 03:50:06,-88
Tokyo,0002RSSI,2022-11-20 04:00:06,-90
Tokyo,0002RSSI,2022-11-20 04:10:06,-89
Tokyo,0002RSSI,2022-11-20 04:20:06,-90
Tokyo,0002RSSI,2022-11-20 04:30:06,-90
Tokyo,0002RSSI,2022-11-20 04:40:06,-89
Tokyo,0002RSSI,2022-11-20 04:50:06,-90
Tokyo,0002RSSI,2022-11-20 05:00:06,-90
Tokyo,0002RSSI,2022-11-20 05:10:06,-89
Tokyo,0002RSSI,2022-11-20 05:20:06,-90
Tokyo,0002RSSI,2022-11-20 05:30:06,-91
Tokyo,0002RSSI,2022-11-20 05:40:06,-89
Tokyo,0002RSSI,2022-11-20 05:50:06,-90
Tokyo,0002RSSI,2022-11-20 06:00:06,-90
Tokyo,0002RSSI,2022-11-20 06:10:06,-89
Tokyo,0002RSSI,2022-11-20 06:20:06,-89
Tokyo,0002RSSI,2022-11-20 06:30:06,-90
Tokyo,0002RSSI,2022-11-20 06:40:06,-90
Tokyo,0002RSSI,2022-11-20 06:50:06,-89
Tokyo,0002RSSI,2022-11-20 07:00:06,-90
Tokyo,0002RSSI,2022-11-20 07:09:55,-88
Tokyo,0002RSSI,2022-11-20 07:11:03,-89
Tokyo,0002RSSI,2022-11-20 07:30:08,-90
Tokyo,0002RSSI,2022-11-20 07:40:01,-90
Tokyo,0002RSSI,2022-11-20 07:50:03,-90
Tokyo,0002RSSI,2022-11-20 08:00:04,-90
Tokyo,0002RSSI,2022-11-20 08:09:58,-91
Tokyo,0002RSSI,2022-11-21 06:31:23,-89
Tokyo,0002RSSI,2022-11-21 06:50:06,-89
Tokyo,0002RSSI,2022-11-21 07:00:06,-89
Tokyo,0002RSSI,2022-11-21 07:10:06,-89
Tokyo,0002RSSI,2022-11-21 07:20:06,-90
Tokyo,0002RSSI,2022-11-21 07:30:06,-89
Tokyo,0002RSSI,2022-11-21 07:40:06,-89
Tokyo,0002RSSI,2022-11-21 07:50:06,-90
Tokyo,0002RSSI,2022-11-21 08:00:06,-90
Tokyo,0002RSSI,2022-11-21 08:10:06,-90
Tokyo,0002RSSI,2022-11-21 08:20:06,-90
Tokyo,0002RSSI,2022-11-21 08:30:06,-89
Tokyo,0002RSSI,2022-11-21 08:40:06,-89
Tokyo,0002RSSI,2022-11-21 08:50:06,-90
Tokyo,0002RSSI,2022-11-21 09:00:06,-89
Tokyo,0002RSSI,2022-11-21 09:10:06,-90
Tokyo,0002RSSI,2022-11-21 09:20:06,-88
Tokyo,0002RSSI,2022-11-21 09:30:06,-89
Tokyo,0002RSSI,2022-11-21 09:40:06,-89
Tokyo,0002RSSI,2022-11-21 09:50:06,-88
Tokyo,0002RSSI,2022-11-21 10:00:06,-88
Tokyo,0002RSSI,2022-11-21 10:10:06,-88
Tokyo,0002RSSI,2022-11-21 10:20:06,-88
Tokyo,0002RSSI,2022-11-21 10:30:06,-88
Tokyo,0002RSSI,2022-11-21 10:40:06,-88
Tokyo,0002RSSI,2022-11-21 10:50:06,-88
Tokyo,0002RSSI,2022-11-21 11:00:06,-89
Tokyo,0002RSSI,2022-11-21 11:10:06,-88
Tokyo,0002RSSI,2022-11-21 11:20:06,-88
Tokyo,0002RSSI,2022-11-21 11:30:06,-88
Tokyo,0002RSSI,2022-11-21 11:40:06,-88
Tokyo,0002RSSI,2022-11-21 11:50:06,-89
Tokyo,0002RSSI,2022-11-21 12:00:06,-88
Tokyo,0002RSSI,2022-11-21 12:10:06,-89
Tokyo,0002RSSI,2022-11-21 12:20:06,-89
Tokyo,0002RSSI,2022-11-21 12:30:06,-88
Tokyo,0002RSSI,2022-11-21 12:40:06,-89
Tokyo,0002RSSI,2022-11-21 12:50:06,-89
Tokyo,0002RSSI,2022-11-21 13:00:06,-88
Tokyo,0002RSSI,2022-11-21 13:10:06,-89
Tokyo,0002RSSI,2022-11-21 13:20:06,-89
Tokyo,0002RSSI,2022-11-21 13:30:06,-89
Tokyo,0002RSSI,2022-11-21 13:40:06,-89
Tokyo,0002RSSI,2022-11-21 13:50:06,-88
Tokyo,0002RSSI,2022-11-21 14:00:06,-88
Tokyo,0002RSSI,2022-11-21 14:10:06,-88
Tokyo,0002RSSI,2022-11-21 14:20:06,-89
Tokyo,0002RSSI,2022-11-21 14:30:06,-89
Tokyo,0002RSSI,2022-11-21 14:40:06,-89
Tokyo,0002RSSI,2022-11-21 14:50:06,-88
Tokyo,0002RSSI,2022-11-21 15:00:06,-89
Tokyo,0002RSSI,2022-11-21 15:10:06,-88
Tokyo,0002RSSI,2022-11-21 15:20:06,-89
Tokyo,0002RSSI,2022-11-21 15:30:06,-89
Tokyo,0002RSSI,2022-11-21 15:40:06,-89
Tokyo,0002RSSI,2022-11-21 15:50:06,-88
Tokyo,0002RSSI,2022-11-21 16:10:06,-88
Tokyo,0002RSSI,2022-11-21 16:20:06,-89
Tokyo,0002RSSI,2022-11-21 16:30:06,-89
Tokyo,0002RSSI,2022-11-21 16:40:06,-88
Tokyo,0002RSSI,2022-11-21 16:50:06,-88
Tokyo,0002RSSI,2022-11-21 17:00:06,-89
Tokyo,0002RSSI,2022-11-21 17:10:06,-89
Tokyo,0002RSSI,2022-11-21 17:20:06,-88
Tokyo,0002RSSI,2022-11-21 17:30:06,-88
Tokyo,0002RSSI,2022-11-21 17:40:06,-88
Tokyo,0002RSSI,2022-11-21 17:50:06,-90
Tokyo,0002RSSI,2022-11-21 18:00:06,-88
Tokyo,0002RSSI,2022-11-21 18:10:06,-89
Tokyo,0002RSSI,2022-11-21 18:20:06,-89
Tokyo,0002RSSI,2022-11-21 18:30:06,-88
Tokyo,0002RSSI,2022-11-21 18:40:06,-89
Tokyo,0002RSSI,2022-11-21 18:50:06,-89
Tokyo,0002RSSI,2022-11-21 19:00:06,-89
Tokyo,0002RSSI,2022-11-21 19:10:06,-88
Tokyo,0002RSSI,2022-11-21 19:20:06,-89
Tokyo,0002RSSI,2022-11-21 19:30:06,-89
Tokyo,0002RSSI,2022-11-21 19:40:06,-89
Tokyo,0002RSSI,2022-11-21 19:50:06,-89
Tokyo,0002RSSI,2022-11-21 20:00:06,-89
Tokyo,0002RSSI,2022-11-21 20:10:06,-89
Tokyo,0002RSSI,2022-11-21 20:20:06,-89
Tokyo,0002RSSI,2022-11-21 20:30:06,-89
Tokyo,0002RSSI,2022-11-21 20:40:06,-89
Tokyo,0002RSSI,2022-11-21 20:50:06,-89
Tokyo,0002RSSI,2022-11-21 21:00:06,-89
Tokyo,0002RSSI,2022-11-21 21:10:06,-89
Tokyo,0002RSSI,2022-11-21 21:20:06,-89
Tokyo,0002RSSI,2022-11-21 21:30:06,-89
Tokyo,0002RSSI,2022-11-21 21:40:06,-89
Tokyo,0002RSSI,2022-11-21 21:50:06,-89
Tokyo,0002RSSI,2022-11-21 22:00:06,-89
Tokyo,0002RSSI,2022-11-21 22:10:06,-90
Tokyo,0002RSSI,2022-11-21 22:20:06,-90
Tokyo,0002RSSI,2022-11-21 22:30:06,-89
Tokyo,0002RSSI,2022-11-21 22:40:06,-88
Tokyo,0002RSSI,2022-11-21 22:50:06,-89
Tokyo,0002RSSI,2022-11-21 23:00:06,-87
Tokyo,0002RSSI,2022-11-21 23:10:06,-88
Tokyo,0002RSSI,2022-11-21 23:20:06,-88
Tokyo,0002RSSI,2022-11-21 23:30:06,-88
Tokyo,0002RSSI,2022-11-21 23:40:06,-89
Tokyo,0002RSSI,2022-11-21 23:50:06,-89
Tokyo,0002RSSI,2022-11-22 00:00:06,-90
Tokyo,0002RSSI,2022-11-22 00:10:06,-89
Tokyo,0002RSSI,2022-11-22 00:20:06,-90
Tokyo,0002RSSI,2022-11-22 00:30:06,-90
Tokyo,0002RSSI,2022-11-22 00:40:06,-89
Tokyo,0002RSSI,2022-11-22 00:50:06,-90
Tokyo,0002RSSI,2022-11-22 01:00:06,-89
Tokyo,0002RSSI,2022-11-22 01:10:06,-90
Tokyo,0002RSSI,2022-11-22 01:20:06,-89
Tokyo,0002RSSI,2022-11-22 01:30:06,-90
Tokyo,0002RSSI,2022-11-22 01:40:06,-89
Tokyo,0002RSSI,2022-11-22 01:50:06,-90
Tokyo,0002RSSI,2022-11-22 02:00:06,-89
Tokyo,0002RSSI,2022-11-22 02:10:06,-89
Tokyo,0002RSSI,2022-11-22 02:20:06,-89
Tokyo,0002RSSI,2022-11-22 02:30:06,-89
Tokyo,0002RSSI,2022-11-22 02:40:06,-90
Tokyo,0002RSSI,2022-11-22 02:50:06,-89
Tokyo,0002RSSI,2022-11-22 03:00:06,-89
Tokyo,0002RSSI,2022-11-22 03:10:06,-90
Tokyo,0002RSSI,2022-11-22 03:20:06,-90
Tokyo,0002RSSI,2022-11-22 03:30:06,-89
Tokyo,0002RSSI,2022-11-22 03:40:06,-89
Tokyo,0002RSSI,2022-11-22 03:50:06,-89
Tokyo,0002RSSI,2022-11-22 04:00:06,-91
Tokyo,0002RSSI,2022-11-22 04:10:06,-90
Tokyo,0002RSSI,2022-11-22 04:20:06,-90
Tokyo,0002RSSI,2022-11-22 04:30:06,-90
Tokyo,0002RSSI,2022-11-22 04:40:06,-90
Tokyo,0002RSSI,2022-11-22 04:50:06,-91
Tokyo,0002RSSI,2022-11-22 05:00:06,-89
Tokyo,0002RSSI,2022-11-22 05:10:06,-89
Tokyo,0002RSSI,2022-11-22 05:20:06,-90
Tokyo,0002RSSI,2022-11-22 05:30:06,-89
Tokyo,0002RSSI,2022-11-22 05:40:06,-89
Tokyo,0002RSSI,2022-11-22 05:50:06,-90
Tokyo,0002RSSI,2022-11-22 06:00:06,-89
Tokyo,0002RSSI,2022-11-22 06:10:06,-90
Tokyo,0002RSSI,2022-11-22 06:20:06,-89
Tokyo,0002RSSI,2022-11-22 06:30:06,-90
Tokyo,0002RSSI,2022-11-22 06:40:06,-90
Tokyo,0002RSSI,2022-11-22 06:50:06,-89
Tokyo,0002RSSI,2022-11-22 07:00:06,-90
Tokyo,0002RSSI,2022-11-22 07:10:06,-90
Tokyo,0002RSSI,2022-11-22 07:20:06,-90
Tokyo,0002RSSI,2022-11-22 07:30:06,-89
Tokyo,0002RSSI,2022-11-22 07:40:06,-89
Tokyo,0002RSSI,2022-11-22 07:50:06,-90
Tokyo,0002RSSI,2022-11-22 08:00:06,-90
Tokyo,0002RSSI,2022-11-22 08:10:06,-90
Tokyo,0002RSSI,2022-11-22 08:20:06,-89
Tokyo,0002RSSI,2022-11-22 08:30:06,-89
Tokyo,0002RSSI,2022-11-22 08:40:06,-89
Tokyo,0002RSSI,2022-11-22 08:50:06,-89
Tokyo,0002RSSI,2022-11-22 09:00:06,-89
Tokyo,0002RSSI,2022-11-22 09:10:06,-88
Tokyo,0002RSSI,2022-11-22 09:20:06,-89
Tokyo,0002RSSI,2022-11-22 09:30:06,-90
Tokyo,0002RSSI,2022-11-22 09:40:06,-88
Tokyo,0002RSSI,2022-11-22 09:50:06,-89
Tokyo,0002RSSI,2022-11-22 10:00:06,-88
Tokyo,0002RSSI,2022-11-22 10:10:06,-88
Tokyo,0002RSSI,2022-11-22 10:20:06,-88
Tokyo,0002RSSI,2022-11-22 10:30:06,-89
Tokyo,0002RSSI,2022-11-22 10:40:08,-88
Tokyo,0002RSSI,2022-11-22 10:50:05,-89
Tokyo,0002RSSI,2022-11-22 11:00:04,-88
Tokyo,0002RSSI,2022-11-22 11:10:04,-88
Tokyo,0002RSSI,2022-11-23 06:19:45,-88
Tokyo,0002RSSI,2022-11-23 06:30:06,-88
Tokyo,0002RSSI,2022-11-23 06:40:06,-88
Tokyo,0002RSSI,2022-11-23 06:50:06,-87
Tokyo,0002RSSI,2022-11-23 07:00:06,-88
Tokyo,0002RSSI,2022-11-23 07:10:06,-88
Tokyo,0002RSSI,2022-11-23 07:20:06,-89
Tokyo,0002RSSI,2022-11-23 07:30:06,-87
Tokyo,0002RSSI,2022-11-23 07:40:06,-89
Tokyo,0002RSSI,2022-11-23 07:50:06,-89
Tokyo,0002RSSI,2022-11-23 08:00:06,-88
Tokyo,0002RSSI,2022-11-23 08:10:06,-90
Tokyo,0002RSSI,2022-11-23 08:20:06,-90
Tokyo,0002RSSI,2022-11-23 08:30:06,-90
Tokyo,0002RSSI,2022-11-23 08:40:06,-88
Tokyo,0002RSSI,2022-11-23 08:50:06,-88
Tokyo,0002RSSI,2022-11-23 09:00:06,-89
Tokyo,0002RSSI,2022-11-23 09:10:06,-89
Tokyo,0002RSSI,2022-11-23 09:20:06,-89
Tokyo,0002RSSI,2022-11-23 09:30:06,-88
Tokyo,0002RSSI,2022-11-23 09:40:06,-90
Tokyo,0002RSSI,2022-11-23 09:50:06,-90
Tokyo,0002RSSI,2022-11-23 10:00:06,-88
Tokyo,0002RSSI,2022-11-23 10:10:06,-88
Tokyo,0002RSSI,2022-11-23 10:20:06,-88
Tokyo,0002RSSI,2022-11-23 10:30:06,-88
Tokyo,0002RSSI,2022-11-23 10:40:06,-88
Tokyo,0002RSSI,2022-11-23 10:50:06,-88
Tokyo,0002RSSI,2022-11-23 11:00:06,-87
Tokyo,0002RSSI,2022-11-23 11:10:06,-89
Tokyo,0002RSSI,2022-11-23 11:20:06,-87
Tokyo,0002RSSI,2022-11-23 11:30:06,-87
Tokyo,0002RSSI,2022-11-23 11:40:06,-89
Tokyo,0002RSSI,2022-11-23 11:50:06,-87
Tokyo,0002RSSI,2022-11-23 12:00:06,-87
Tokyo,0002RSSI,2022-11-23 12:10:06,-88
Tokyo,0002RSSI,2022-11-23 12:20:06,-88
Tokyo,0002RSSI,2022-11-23 12:30:06,-88
Tokyo,0002RSSI,2022-11-23 12:40:06,-88
Tokyo,0002RSSI,2022-11-23 12:50:06,-90
Tokyo,0002RSSI,2022-11-23 13:00:06,-88
Tokyo,0002RSSI,2022-11-23 13:10:06,-89
Tokyo,0002RSSI,2022-11-23 13:20:06,-88
Tokyo,0002RSSI,2022-11-23 13:30:06,-88
Tokyo,0002RSSI,2022-11-23 13:40:06,-90
Tokyo,0002RSSI,2022-11-23 13:50:06,-90
Tokyo,0002RSSI,2022-11-23 14:00:06,-90
Tokyo,0002RSSI,2022-11-23 14:10:06,-90
Tokyo,0002RSSI,2022-11-23 14:20:06,-88
Tokyo,0002RSSI,2022-11-23 14:30:06,-90
Tokyo,0002RSSI,2022-11-23 14:40:06,-89
Tokyo,0002RSSI,2022-11-23 14:50:06,-90
Tokyo,0002RSSI,2022-11-23 15:00:06,-90
Tokyo,0002RSSI,2022-11-23 15:10:06,-89
Tokyo,0002RSSI,2022-11-23 15:20:06,-89
Tokyo,0002RSSI,2022-11-23 15:30:06,-87
Tokyo,0002RSSI,2022-11-23 15:40:06,-88
Tokyo,0002RSSI,2022-11-23 15:50:06,-88
Tokyo,0002RSSI,2022-11-23 16:00:06,-88
Tokyo,0002RSSI,2022-11-23 16:10:06,-88
Tokyo,0002RSSI,2022-11-23 16:20:06,-89
Tokyo,0002RSSI,2022-11-23 16:30:06,-88
Tokyo,0002RSSI,2022-11-23 16:40:06,-88
Tokyo,0002RSSI,2022-11-23 16:50:06,-89
Tokyo,0002RSSI,2022-11-23 17:00:06,-89
Tokyo,0002RSSI,2022-11-23 17:10:06,-89
Tokyo,0002RSSI,2022-11-23 17:20:06,-87
Tokyo,0002RSSI,2022-11-23 17:30:06,-87
Tokyo,0002RSSI,2022-11-23 17:40:06,-88
Tokyo,0002RSSI,2022-11-23 17:50:06,-88
Tokyo,0002RSSI,2022-11-23 18:00:06,-88
Tokyo,0002RSSI,2022-11-23 18:10:06,-88
Tokyo,0002RSSI,2022-11-23 18:20:06,-88
Tokyo,0002RSSI,2022-11-23 18:30:06,-87
Tokyo,0002RSSI,2022-11-23 18:40:06,-87
Tokyo,0002RSSI,2022-11-23 18:50:06,-87
Tokyo,0002RSSI,2022-11-23 19:00:06,-87
Tokyo,0002RSSI,2022-11-23 19:10:06,-88
Tokyo,0002RSSI,2022-11-23 19:20:06,-88
Tokyo,0002RSSI,2022-11-23 19:30:06,-88
Tokyo,0002RSSI,2022-11-23 19:40:06,-88
Tokyo,0002RSSI,2022-11-23 19:50:06,-89
Tokyo,0002RSSI,2022-11-23 20:00:06,-88
Tokyo,0002RSSI,2022-11-23 20:10:06,-88
Tokyo,0002RSSI,2022-11-23 20:20:06,-88
Tokyo,0002RSSI,2022-11-23 20:30:06,-89
Tokyo,0002RSSI,2022-11-23 20:40:06,-88
Tokyo,0002RSSI,2022-11-23 20:50:06,-87
Tokyo,0002RSSI,2022-11-23 21:00:06,-89
Tokyo,0002RSSI,2022-11-23 21:10:06,-88
Tokyo,0002RSSI,2022-11-23 21:20:06,-89
Tokyo,0002RSSI,2022-11-23 21:30:06,-88
Tokyo,0002RSSI,2022-11-23 21:40:06,-89
Tokyo,0002RSSI,2022-11-23 21:50:06,-88
Tokyo,0002RSSI,2022-11-23 22:00:06,-88
Tokyo,0002RSSI,2022-11-23 22:10:06,-88
Tokyo,0002RSSI,2022-11-23 22:20:06,-88
Tokyo,0002RSSI,2022-11-23 22:30:06,-87
Tokyo,0002RSSI,2022-11-23 22:40:06,-88
Tokyo,0002RSSI,2022-11-23 22:50:06,-88
Tokyo,0002RSSI,2022-11-23 23:00:06,-87
Tokyo,0002RSSI,2022-11-23 23:10:06,-88
Tokyo,0002RSSI,2022-11-23 23:20:06,-88
Tokyo,0002RSSI,2022-11-23 23:30:06,-89
Tokyo,0002RSSI,2022-11-23 23:40:06,-88
Tokyo,0002RSSI,2022-11-23 23:50:06,-90
Tokyo,0002RSSI,2022-11-24 00:00:06,-89
Tokyo,0002RSSI,2022-11-24 00:10:06,-88
Tokyo,0002RSSI,2022-11-24 00:20:06,-89
Tokyo,0002RSSI,2022-11-24 00:30:06,-88
Tokyo,0002RSSI,2022-11-24 00:40:06,-88
Tokyo,0002RSSI,2022-11-24 00:50:06,-88
Tokyo,0002RSSI,2022-11-24 01:00:06,-88
Tokyo,0002RSSI,2022-11-24 01:10:06,-88
Tokyo,0002RSSI,2022-11-24 01:20:06,-88
Tokyo,0002RSSI,2022-11-24 01:30:06,-88
Tokyo,0002RSSI,2022-11-24 01:40:06,-88
Tokyo,0002RSSI,2022-11-24 01:50:06,-88
Tokyo,0002RSSI,2022-11-24 02:00:06,-88
Tokyo,0002RSSI,2022-11-24 02:10:06,-88
Tokyo,0002RSSI,2022-11-24 02:20:06,-87
Tokyo,0002RSSI,2022-11-24 02:30:06,-88
Tokyo,0002RSSI,2022-11-24 02:40:06,-88
Tokyo,0002RSSI,2022-11-24 02:50:06,-89
Tokyo,0002RSSI,2022-11-24 03:00:06,-89
Tokyo,0002RSSI,2022-11-24 03:10:06,-88
Tokyo,0002RSSI,2022-11-24 03:20:06,-87
Tokyo,0002RSSI,2022-11-24 03:30:06,-88
Tokyo,0002RSSI,2022-11-24 03:40:06,-87
Tokyo,0002RSSI,2022-11-24 03:50:06,-88
Tokyo,0002RSSI,2022-11-24 04:00:06,-88
Tokyo,0002RSSI,2022-11-24 04:10:06,-88
Tokyo,0002RSSI,2022-11-24 04:20:06,-87
Tokyo,0002RSSI,2022-11-24 04:30:06,-88
Tokyo,0002RSSI,2022-11-24 04:40:06,-88
Tokyo,0002RSSI,2022-11-24 04:50:06,-88
Tokyo,0002RSSI,2022-11-24 05:00:06,-88
Tokyo,0002RSSI,2022-11-24 05:10:06,-89
Tokyo,0002RSSI,2022-11-24 05:20:06,-88
Tokyo,0002RSSI,2022-11-24 05:30:06,-88
Tokyo,0002RSSI,2022-11-24 05:40:06,-89
Tokyo,0002RSSI,2022-11-24 05:50:06,-89
Tokyo,0002RSSI,2022-11-24 06:00:06,-89
Tokyo,0002RSSI,2022-11-24 06:10:06,-88
Tokyo,0002RSSI,2022-11-24 06:20:06,-88
Tokyo,0002RSSI,2022-11-24 06:30:06,-88
Tokyo,0002RSSI,2022-11-24 06:40:06,-89
Tokyo,0002RSSI,2022-11-24 06:50:06,-88
Tokyo,0002RSSI,2022-11-24 07:00:06,-88
Tokyo,0002RSSI,2022-11-24 07:10:06,-87
Tokyo,0002RSSI,2022-11-24 07:20:06,-88
Tokyo,0002RSSI,2022-11-24 07:30:06,-88
Tokyo,0002RSSI,2022-11-24 07:40:06,-88
Tokyo,0002RSSI,2022-11-24 07:50:06,-88
Tokyo,0002RSSI,2022-11-24 08:00:06,-88
Tokyo,0002RSSI,2022-11-24 08:10:06,-88
Tokyo,0002RSSI,2022-11-24 08:20:06,-87
Tokyo,0002RSSI,2022-11-24 08:30:06,-88
Tokyo,0002RSSI,2022-11-24 08:40:06,-87
Tokyo,0002RSSI,2022-11-24 08:50:06,-88
Tokyo,0002RSSI,2022-11-24 09:00:06,-88
Tokyo,0002RSSI,2022-11-24 09:10:06,-88
Tokyo,0002RSSI,2022-11-24 09:20:06,-88
Tokyo,0002RSSI,2022-11-24 09:30:06,-88
Tokyo,0002RSSI,2022-11-24 09:40:06,-88
Tokyo,0002RSSI,2022-11-24 09:50:06,-89
Tokyo,0002RSSI,2022-11-24 10:00:06,-88
Tokyo,0002RSSI,2022-11-24 10:10:06,-88
Tokyo,0002RSSI,2022-11-24 10:20:06,-89
Tokyo,0002RSSI,2022-11-24 10:30:06,-88
Tokyo,0002RSSI,2022-11-24 10:40:06,-89
Tokyo,0002RSSI,2022-11-24 10:50:06,-89
Tokyo,0002RSSI,2022-11-24 11:00:06,-89
Tokyo,0002RSSI,2022-11-24 11:10:06,-90
Tokyo,0002RSSI,2022-11-24 11:20:06,-90
Tokyo,0002RSSI,2022-11-24 11:30:06,-90
Tokyo,0002RSSI,2022-11-24 11:40:06,-88
Tokyo,0002RSSI,2022-11-24 11:50:06,-88
Tokyo,0002RSSI,2022-11-24 12:10:06,-89
Tokyo,0002RSSI,2022-11-24 12:20:06,-88
Tokyo,0002RSSI,2022-11-24 12:30:06,-88
Tokyo,0002RSSI,2022-11-24 12:40:06,-88
Tokyo,0002RSSI,2022-11-24 12:50:06,-88
Tokyo,0002RSSI,2022-11-24 13:00:06,-88
Tokyo,0002RSSI,2022-11-24 13:10:06,-88
Tokyo,0002RSSI,2022-11-24 13:20:06,-89
Tokyo,0002RSSI,2022-11-24 13:30:06,-88
Tokyo,0002RSSI,2022-11-24 13:40:06,-89
Tokyo,0002RSSI,2022-11-24 13:50:06,-88
Tokyo,0002RSSI,2022-11-24 14:00:06,-88
Tokyo,0002RSSI,2022-11-24 14:10:06,-88
Tokyo,0002RSSI,2022-11-24 14:20:06,-88
Tokyo,0002RSSI,2022-11-24 14:30:06,-88
Tokyo,0002RSSI,2022-11-24 14:40:06,-88
Tokyo,0002RSSI,2022-11-24 14:50:06,-88
Tokyo,0002RSSI,2022-11-24 15:00:06,-88
Tokyo,0002RSSI,2022-11-24 15:10:06,-88
Tokyo,0002RSSI,2022-11-24 15:20:06,-88
Tokyo,0002RSSI,2022-11-24 15:30:06,-88
Tokyo,0002RSSI,2022-11-24 15:40:06,-88
Tokyo,0002RSSI,2022-11-24 15:50:06,-88
Tokyo,0002RSSI,2022-11-24 16:00:06,-88
Tokyo,0002RSSI,2022-11-24 16:10:06,-88
Tokyo,0002RSSI,2022-11-24 16:20:06,-90
Tokyo,0002RSSI,2022-11-24 16:30:06,-88
Tokyo,0002RSSI,2022-11-24 16:40:06,-88
Tokyo,0002RSSI,2022-11-24 16:50:06,-88
Tokyo,0002RSSI,2022-11-24 17:00:06,-88
Tokyo,0002RSSI,2022-11-24 17:10:06,-88
Tokyo,0002RSSI,2022-11-24 17:20:06,-88
Tokyo,0002RSSI,2022-11-24 17:30:06,-88
Tokyo,0002RSSI,2022-11-24 17:40:06,-88
Tokyo,0002RSSI,2022-11-24 17:50:06,-88
Tokyo,0002RSSI,2022-11-24 18:00:06,-87
Tokyo,0002RSSI,2022-11-24 18:10:06,-88
Tokyo,0002RSSI,2022-11-24 18:20:06,-87
Tokyo,0002RSSI,2022-11-24 18:30:06,-88
Tokyo,0002RSSI,2022-11-24 18:40:06,-90
Tokyo,0002RSSI,2022-11-24 18:50:06,-88
Tokyo,0002RSSI,2022-11-24 19:00:06,-88
Tokyo,0002RSSI,2022-11-24 19:10:06,-88
Tokyo,0002RSSI,2022-11-24 19:20:06,-87
Tokyo,0002RSSI,2022-11-24 19:30:06,-87
Tokyo,0002RSSI,2022-11-24 19:40:06,-88
Tokyo,0002RSSI,2022-11-24 19:50:06,-87
Tokyo,0002RSSI,2022-11-24 20:00:06,-88
Tokyo,0002RSSI,2022-11-24 20:10:06,-87
Tokyo,0002RSSI,2022-11-24 20:20:06,-88
Tokyo,0002RSSI,2022-11-24 20:30:06,-88
Tokyo,0002RSSI,2022-11-24 20:40:06,-88
Tokyo,0002RSSI,2022-11-24 20:50:06,-87
Tokyo,0002RSSI,2022-11-24 21:00:06,-88
Tokyo,0002RSSI,2022-11-24 21:10:06,-89
Tokyo,0002RSSI,2022-11-24 21:20:06,-88
Tokyo,0002RSSI,2022-11-24 21:30:06,-88
Tokyo,0002RSSI,2022-11-24 21:40:06,-88
Tokyo,0002RSSI,2022-11-24 21:50:06,-88
Tokyo,0002RSSI,2022-11-24 22:00:06,-88
Tokyo,0002RSSI,2022-11-24 22:10:06,-89
Tokyo,0002RSSI,2022-11-24 22:20:06,-88
Tokyo,0002RSSI,2022-11-24 22:30:06,-88
Tokyo,0002RSSI,2022-11-24 22:40:06,-88
Tokyo,0002RSSI,2022-11-24 22:50:06,-87
Tokyo,0002RSSI,2022-11-24 23:00:06,-88
Tokyo,0002RSSI,2022-11-24 23:10:06,-88
Tokyo,0002RSSI,2022-11-24 23:20:06,-88
Tokyo,0002RSSI,2022-11-24 23:30:06,-88
Tokyo,0002RSSI,2022-11-24 23:40:06,-88
Tokyo,0002RSSI,2022-11-24 23:50:06,-88
Tokyo,0002RSSI,2022-11-25 00:00:06,-88
Tokyo,0002RSSI,2022-11-25 00:10:06,-88
Tokyo,0002RSSI,2022-11-25 00:20:06,-88
Tokyo,0002RSSI,2022-11-25 00:30:06,-88
Tokyo,0002RSSI,2022-11-25 00:40:06,-88
Tokyo,0002RSSI,2022-11-25 00:50:06,-89
Tokyo,0002RSSI,2022-11-25 01:00:06,-87
Tokyo,0002RSSI,2022-11-25 01:10:06,-89
Tokyo,0002RSSI,2022-11-25 01:20:06,-88
Tokyo,0002RSSI,2022-11-25 01:30:06,-88
Tokyo,0002RSSI,2022-11-25 01:40:06,-88
Tokyo,0002RSSI,2022-11-25 01:50:06,-87
Tokyo,0002RSSI,2022-11-25 02:00:06,-88
Tokyo,0002RSSI,2022-11-25 02:10:06,-87
Tokyo,0002RSSI,2022-11-25 02:20:06,-88
Tokyo,0002RSSI,2022-11-25 02:30:06,-88
Tokyo,0002RSSI,2022-11-25 02:40:06,-88
Tokyo,0002RSSI,2022-11-25 02:50:06,-88
Tokyo,0002RSSI,2022-11-25 03:00:06,-88
Tokyo,0002RSSI,2022-11-25 03:10:06,-88
Tokyo,0002RSSI,2022-11-25 03:20:06,-88
Tokyo,0002RSSI,2022-11-25 03:30:06,-87
Tokyo,0002RSSI,2022-11-25 03:40:06,-89
Tokyo,0002RSSI,2022-11-25 03:50:06,-89
Tokyo,0002RSSI,2022-11-25 04:00:06,-88
Tokyo,0002RSSI,2022-11-25 04:10:06,-88
Tokyo,0002RSSI,2022-11-25 04:20:06,-87
Tokyo,0002RSSI,2022-11-25 04:30:06,-88
Tokyo,0002RSSI,2022-11-25 04:40:06,-88
Tokyo,0002RSSI,2022-11-25 04:50:06,-87
Tokyo,0002RSSI,2022-11-25 05:00:06,-88
Tokyo,0002RSSI,2022-11-25 05:10:06,-89
Tokyo,0002RSSI,2022-11-25 05:20:06,-87
Tokyo,0002RSSI,2022-11-25 05:30:06,-88
Tokyo,0002RSSI,2022-11-25 05:50:06,-88
Tokyo,0002RSSI,2022-11-25 06:00:06,-88
Tokyo,0002RSSI,2022-11-25 06:10:06,-89
Tokyo,0002RSSI,2022-11-25 06:20:06,-88
Tokyo,0002RSSI,2022-11-25 06:30:06,-88
Tokyo,0002RSSI,2022-11-25 06:40:06,-88
Tokyo,0002RSSI,2022-11-25 06:50:06,-89
Tokyo,0002RSSI,2022-11-25 07:00:06,-88
Tokyo,0002RSSI,2022-11-25 07:10:06,-88
Tokyo,0002RSSI,2022-11-25 07:20:06,-89
Tokyo,0002RSSI,2022-11-25 07:30:06,-89
Tokyo,0002RSSI,2022-11-25 07:50:06,-89
Tokyo,0002RSSI,2022-11-25 08:00:06,-89
Tokyo,0002RSSI,2022-11-25 08:10:06,-89
Tokyo,0002RSSI,2022-11-25 08:20:06,-88
Tokyo,0002RSSI,2022-11-25 08:30:06,-88
Tokyo,0002RSSI,2022-11-25 08:40:06,-87
Tokyo,0002RSSI,2022-11-25 08:50:06,-88
Tokyo,0002RSSI,2022-11-25 09:00:06,-88
Tokyo,0002RSSI,2022-11-25 09:10:06,-88
Tokyo,0002RSSI,2022-11-25 09:20:06,-88
Tokyo,0002RSSI,2022-11-25 09:30:06,-89
Tokyo,0002RSSI,2022-11-25 09:40:06,-89
Tokyo,0002RSSI,2022-11-25 09:50:06,-88
Tokyo,0002RSSI,2022-11-25 10:00:06,-89
Tokyo,0002RSSI,2022-11-25 10:10:06,-89
Tokyo,0002RSSI,2022-11-25 10:20:06,-89
Tokyo,0002RSSI,2022-11-25 10:30:06,-89
Tokyo,0002RSSI,2022-11-25 10:40:06,-89
Tokyo,0002RSSI,2022-11-25 10:50:06,-89
Tokyo,0002RSSI,2022-11-25 11:00:06,-89
Tokyo,0002RSSI,2022-11-25 11:10:06,-88
Tokyo,0002RSSI,2022-11-25 11:20:06,-89
Tokyo,0002RSSI,2022-11-25 11:30:06,-88
Tokyo,0002RSSI,2022-11-25 11:40:06,-89
Tokyo,0002RSSI,2022-11-25 11:50:06,-89
Tokyo,0002RSSI,2022-11-25 12:00:06,-88
Tokyo,0002RSSI,2022-11-25 12:10:06,-89
Tokyo,0002RSSI,2022-11-25 12:20:06,-89
Tokyo,0002RSSI,2022-11-25 12:30:06,-89
Tokyo,0002RSSI,2022-11-25 12:40:06,-89
Tokyo,0002RSSI,2022-11-25 12:50:06,-89
Tokyo,0002RSSI,2022-11-25 13:00:06,-89
Tokyo,0002RSSI,2022-11-25 13:10:06,-89
Tokyo,0002RSSI,2022-11-25 13:20:06,-88
Tokyo,0002RSSI,2022-11-25 13:30:06,-88
Tokyo,0002RSSI,2022-11-25 13:40:06,-88
Tokyo,0002RSSI,2022-11-25 13:50:06,-88
Tokyo,0002RSSI,2022-11-25 14:00:06,-88
Tokyo,0002RSSI,2022-11-25 14:10:06,-87
Tokyo,0002RSSI,2022-11-25 14:20:06,-88
Tokyo,0002RSSI,2022-11-25 14:30:06,-88
Tokyo,0002RSSI,2022-11-25 14:40:06,-87
Tokyo,0002RSSI,2022-11-25 14:50:06,-87
Tokyo,0002RSSI,2022-11-25 15:00:06,-87
Tokyo,0002RSSI,2022-11-25 15:10:06,-88
Tokyo,0002RSSI,2022-11-25 15:20:06,-87
Tokyo,0002RSSI,2022-11-25 15:30:06,-90
Tokyo,0002RSSI,2022-11-25 15:40:06,-89
Tokyo,0002RSSI,2022-11-25 15:50:06,-87
Tokyo,0002RSSI,2022-11-25 16:00:06,-87
Tokyo,0002RSSI,2022-11-25 16:10:06,-88
Tokyo,0002RSSI,2022-11-25 16:20:06,-87
Tokyo,0002RSSI,2022-11-25 16:30:06,-88
Tokyo,0002RSSI,2022-11-25 16:40:06,-88
Tokyo,0002RSSI,2022-11-25 16:50:06,-88
Tokyo,0002RSSI,2022-11-25 17:00:06,-88
Tokyo,0002RSSI,2022-11-25 17:10:06,-88
Tokyo,0002RSSI,2022-11-25 17:20:06,-88
Tokyo,0002RSSI,2022-11-25 17:30:06,-88
Tokyo,0002RSSI,2022-11-25 17:40:06,-87
Tokyo,0002RSSI,2022-11-25 17:50:06,-87
Tokyo,0002RSSI,2022-11-25 18:00:06,-87
Tokyo,0002RSSI,2022-11-25 18:10:06,-87
Tokyo,0002RSSI,2022-11-25 18:20:06,-87
Tokyo,0002RSSI,2022-11-25 18:30:06,-88
Tokyo,0002RSSI,2022-11-25 18:40:06,-88
Tokyo,0002RSSI,2022-11-25 18:50:06,-87
Tokyo,0002RSSI,2022-11-25 19:00:06,-88
Tokyo,0002RSSI,2022-11-25 19:10:06,-88
Tokyo,0002RSSI,2022-11-25 19:20:06,-89
Tokyo,0002RSSI,2022-11-25 19:30:06,-88
Tokyo,0002RSSI,2022-11-25 19:40:06,-88
Tokyo,0002RSSI,2022-11-25 19:50:06,-88
Tokyo,0002RSSI,2022-11-25 20:00:06,-87
Tokyo,0002RSSI,2022-11-25 20:10:06,-88
Tokyo,0002RSSI,2022-11-25 20:20:06,-87
Tokyo,0002RSSI,2022-11-25 20:30:06,-87
Tokyo,0002RSSI,2022-11-25 20:40:06,-88
Tokyo,0002RSSI,2022-11-25 20:50:06,-87
Tokyo,0002RSSI,2022-11-25 21:00:06,-88
Tokyo,0002RSSI,2022-11-25 21:10:06,-87
Tokyo,0002RSSI,2022-11-25 21:20:06,-88
Tokyo,0002RSSI,2022-11-25 21:30:06,-87
Tokyo,0002RSSI,2022-11-25 21:40:06,-87
Tokyo,0002RSSI,2022-11-25 21:50:06,-88
Tokyo,0002RSSI,2022-11-25 22:00:06,-87
Tokyo,0002RSSI,2022-11-25 22:10:06,-88
Tokyo,0002RSSI,2022-11-25 22:20:06,-88
Tokyo,0002RSSI,2022-11-25 22:30:06,-88
Tokyo,0002RSSI,2022-11-25 22:40:06,-88
Tokyo,0002RSSI,2022-11-25 22:50:06,-87
Tokyo,0002RSSI,2022-11-25 23:00:06,-87
Tokyo,0002RSSI,2022-11-25 23:10:06,-88
Tokyo,0002RSSI,2022-11-25 23:20:06,-87
Tokyo,0002RSSI,2022-11-25 23:30:06,-88
Tokyo,0002RSSI,2022-11-25 23:40:06,-88
Tokyo,0002RSSI,2022-11-25 23:50:06,-88
Tokyo,0002RSSI,2022-11-26 00:00:06,-87
Tokyo,0002RSSI,2022-11-26 00:10:06,-87
Tokyo,0002RSSI,2022-11-26 00:20:06,-87
Tokyo,0002RSSI,2022-11-26 00:30:06,-87
Tokyo,0002RSSI,2022-11-26 00:40:06,-88
Tokyo,0002RSSI,2022-11-26 00:50:06,-88
Tokyo,0002RSSI,2022-11-26 01:00:06,-88
Tokyo,0002RSSI,2022-11-26 01:10:06,-87
Tokyo,0002RSSI,2022-11-26 01:20:06,-88
Tokyo,0002RSSI,2022-11-26 01:30:06,-88
Tokyo,0002RSSI,2022-11-26 01:40:06,-88
Tokyo,0002RSSI,2022-11-26 01:50:06,-87
Tokyo,0002RSSI,2022-11-26 02:00:06,-87
Tokyo,0002RSSI,2022-11-26 02:10:06,-87
Tokyo,0002RSSI,2022-11-26 02:20:06,-88
Tokyo,0002RSSI,2022-11-26 02:30:06,-87
Tokyo,0002RSSI,2022-11-26 02:40:06,-88
Tokyo,0002RSSI,2022-11-26 02:50:06,-88
Tokyo,0002RSSI,2022-11-26 03:00:06,-88
Tokyo,0002RSSI,2022-11-26 03:10:06,-88
Tokyo,0002RSSI,2022-11-26 03:20:06,-87
Tokyo,0002RSSI,2022-11-26 03:30:06,-88
Tokyo,0002RSSI,2022-11-26 03:40:06,-87
Tokyo,0002RSSI,2022-11-26 03:50:06,-87
Tokyo,0002RSSI,2022-11-26 04:00:06,-87
Tokyo,0002RSSI,2022-11-26 04:10:06,-87
Tokyo,0002RSSI,2022-11-26 04:20:06,-88
Tokyo,0002RSSI,2022-11-26 04:30:06,-89
Tokyo,0002RSSI,2022-11-26 04:40:06,-87
Tokyo,0002RSSI,2022-11-26 04:50:06,-88
Tokyo,0002RSSI,2022-11-26 05:00:06,-88
Tokyo,0002RSSI,2022-11-26 05:10:06,-88
Tokyo,0002RSSI,2022-11-26 05:20:06,-88
Tokyo,0002RSSI,2022-11-26 05:30:06,-88
Tokyo,0002RSSI,2022-11-26 05:40:06,-89
Tokyo,0002RSSI,2022-11-26 05:50:06,-88
Tokyo,0002RSSI,2022-11-26 06:00:06,-87
Tokyo,0002RSSI,2022-11-26 06:10:06,-88
Tokyo,0002RSSI,2022-11-26 06:20:06,-89
Tokyo,0002RSSI,2022-11-26 06:30:06,-88
Tokyo,0002RSSI,2022-11-26 06:40:06,-88
Tokyo,0002RSSI,2022-11-26 06:50:06,-89
Tokyo,0002RSSI,2022-11-26 07:00:06,-89
Tokyo,0002RSSI,2022-11-26 07:10:06,-88
Tokyo,0002RSSI,2022-11-26 07:20:06,-88
Tokyo,0002RSSI,2022-11-26 07:30:06,-88
Tokyo,0002RSSI,2022-11-26 07:40:06,-88
Tokyo,0002RSSI,2022-11-26 07:50:06,-88
Tokyo,0002RSSI,2022-11-26 08:00:06,-89
Tokyo,0002RSSI,2022-11-26 08:10:06,-88
Tokyo,0002RSSI,2022-11-26 08:20:06,-88
Tokyo,0002RSSI,2022-11-26 08:30:06,-89
Tokyo,0002RSSI,2022-11-26 08:40:06,-89
Tokyo,0002RSSI,2022-11-26 08:50:06,-89
Tokyo,0002RSSI,2022-11-26 09:00:06,-89
Tokyo,0002RSSI,2022-11-26 09:10:06,-90
Tokyo,0002RSSI,2022-11-26 09:20:06,-90
Tokyo,0002RSSI,2022-11-26 09:30:06,-90
Tokyo,0002RSSI,2022-11-26 09:40:06,-90
Tokyo,0002RSSI,2022-11-26 09:50:06,-90
Tokyo,0002RSSI,2022-11-26 10:00:06,-90
Tokyo,0002RSSI,2022-11-26 10:10:06,-89
Tokyo,0002RSSI,2022-11-26 10:20:06,-89
Tokyo,0002RSSI,2022-11-26 10:30:06,-91
Tokyo,0002RSSI,2022-11-26 10:40:06,-90
Tokyo,0002RSSI,2022-11-26 10:50:06,-89
Tokyo,0002RSSI,2022-11-26 11:00:06,-89
Tokyo,0002RSSI,2022-11-26 11:10:06,-89
Tokyo,0002RSSI,2022-11-26 11:20:06,-90
Tokyo,0002RSSI,2022-11-26 11:30:06,-90
Tokyo,0002RSSI,2022-11-26 11:40:06,-89
Tokyo,0002RSSI,2022-11-26 11:50:06,-89
Tokyo,0002RSSI,2022-11-26 12:00:06,-89
Tokyo,0002RSSI,2022-11-26 12:10:06,-89
Tokyo,0002RSSI,2022-11-26 12:20:06,-88
Tokyo,0002RSSI,2022-11-26 12:30:06,-89
Tokyo,0002RSSI,2022-11-26 12:40:06,-89
Tokyo,0002RSSI,2022-11-26 12:50:06,-89
Tokyo,0002RSSI,2022-11-26 13:00:06,-90
Tokyo,0002RSSI,2022-11-26 13:10:06,-89
Tokyo,0002RSSI,2022-11-26 13:20:06,-90
Tokyo,0002RSSI,2022-11-26 13:30:06,-88
Tokyo,0002RSSI,2022-11-26 13:40:06,-89
Tokyo,0002RSSI,2022-11-26 13:50:06,-88
Tokyo,0002RSSI,2022-11-26 14:00:06,-89
Tokyo,0002RSSI,2022-11-26 14:10:06,-88
Tokyo,0002RSSI,2022-11-26 14:20:06,-88
Tokyo,0002RSSI,2022-11-26 14:30:06,-88
Tokyo,0002RSSI,2022-11-26 14:40:06,-88
Tokyo,0002RSSI,2022-11-26 14:50:06,-88
Tokyo,0002RSSI,2022-11-26 15:00:06,-88
Tokyo,0002RSSI,2022-11-26 15:10:06,-90
Tokyo,0002RSSI,2022-11-26 15:20:06,-88
Tokyo,0002RSSI,2022-11-26 15:30:06,-89
Tokyo,0002RSSI,2022-11-26 15:40:06,-89
Tokyo,0002RSSI,2022-11-26 15:50:06,-88
Tokyo,0002RSSI,2022-11-26 16:00:06,-88
Tokyo,0002RSSI,2022-11-26 16:10:06,-88
Tokyo,0002RSSI,2022-11-26 16:20:06,-89
Tokyo,0002RSSI,2022-11-26 16:30:06,-88
Tokyo,0002RSSI,2022-11-26 16:40:06,-87
Tokyo,0002RSSI,2022-11-26 16:50:06,-88
Tokyo,0002RSSI,2022-11-26 17:00:06,-88
Tokyo,0002RSSI,2022-11-26 17:10:06,-87
Tokyo,0002RSSI,2022-11-26 17:20:06,-87
Tokyo,0002RSSI,2022-11-26 17:30:06,-88
Tokyo,0002RSSI,2022-11-26 17:40:06,-87
Tokyo,0002RSSI,2022-11-26 17:50:06,-88
Tokyo,0002RSSI,2022-11-26 18:00:06,-89
Tokyo,0002RSSI,2022-11-26 18:10:06,-88
Tokyo,0002RSSI,2022-11-26 18:20:06,-88
Tokyo,0002RSSI,2022-11-26 18:30:06,-88
Tokyo,0002RSSI,2022-11-26 18:40:06,-89
Tokyo,0002RSSI,2022-11-26 18:50:06,-89
Tokyo,0002RSSI,2022-11-26 19:00:06,-88
Tokyo,0002RSSI,2022-11-26 19:10:06,-88
Tokyo,0002RSSI,2022-11-26 19:20:06,-88
Tokyo,0002RSSI,2022-11-26 19:30:06,-88
Tokyo,0002RSSI,2022-11-26 19:40:06,-88
Tokyo,0002RSSI,2022-11-26 19:50:06,-88
Tokyo,0002RSSI,2022-11-26 20:00:06,-88
Tokyo,0002RSSI,2022-11-26 20:10:06,-88
Tokyo,0002RSSI,2022-11-26 20:20:06,-89
Tokyo,0002RSSI,2022-11-26 20:30:06,-88
Tokyo,0002RSSI,2022-11-26 20:40:06,-88
Tokyo,0002RSSI,2022-11-26 20:50:06,-89
Tokyo,0002RSSI,2022-11-26 21:00:06,-89
Tokyo,0002RSSI,2022-11-26 21:10:06,-89
Tokyo,0002RSSI,2022-11-26 21:20:06,-88
Tokyo,0002RSSI,2022-11-26 21:30:06,-90
Tokyo,0002RSSI,2022-11-26 21:40:06,-88
Tokyo,0002RSSI,2022-11-26 21:50:06,-88
Tokyo,0002RSSI,2022-11-26 22:00:06,-89
Tokyo,0002RSSI,2022-11-26 22:10:06,-88
Tokyo,0002RSSI,2022-11-26 22:20:06,-88
Tokyo,0002RSSI,2022-11-26 22:30:06,-89
Tokyo,0002RSSI,2022-11-26 22:40:06,-89
Tokyo,0002RSSI,2022-11-26 22:50:06,-89
Tokyo,0002RSSI,2022-11-26 23:00:06,-89
Tokyo,0002RSSI,2022-11-26 23:10:06,-89
Tokyo,0002RSSI,2022-11-26 23:20:06,-88
Tokyo,0002RSSI,2022-11-26 23:30:06,-89
Tokyo,0002RSSI,2022-11-26 23:40:06,-88
Tokyo,0002RSSI,2022-11-26 23:50:06,-89
Tokyo,0002RSSI,2022-11-27 00:00:06,-88
Tokyo,0002RSSI,2022-11-27 00:10:06,-89
Tokyo,0002RSSI,2022-11-27 00:20:06,-88
Tokyo,0002RSSI,2022-11-27 00:30:06,-88
Tokyo,0002RSSI,2022-11-27 00:40:06,-89
Tokyo,0002RSSI,2022-11-27 00:50:06,-88
Tokyo,0002RSSI,2022-11-27 01:00:06,-88
Tokyo,0002RSSI,2022-11-27 01:10:06,-89
Tokyo,0002RSSI,2022-11-27 01:20:06,-87
Tokyo,0002RSSI,2022-11-27 01:30:06,-88
Tokyo,0002RSSI,2022-11-27 01:40:06,-88
Tokyo,0002RSSI,2022-11-27 01:50:06,-88
Tokyo,0002RSSI,2022-11-27 02:00:06,-88
Tokyo,0002RSSI,2022-11-27 02:10:06,-88
Tokyo,0002RSSI,2022-11-27 02:20:06,-87
Tokyo,0002RSSI,2022-11-27 02:30:06,-87
Tokyo,0002RSSI,2022-11-27 02:40:06,-88
Tokyo,0002RSSI,2022-11-27 02:50:06,-87
Tokyo,0002RSSI,2022-11-27 03:00:06,-88
Tokyo,0002RSSI,2022-11-27 03:10:06,-88
Tokyo,0002RSSI,2022-11-27 03:20:06,-88
Tokyo,0002RSSI,2022-11-27 03:30:06,-87
Tokyo,0002RSSI,2022-11-27 03:40:06,-89
Tokyo,0002RSSI,2022-11-27 03:50:06,-88
Tokyo,0002RSSI,2022-11-27 04:00:06,-88
Tokyo,0002RSSI,2022-11-27 04:10:06,-88
Tokyo,0002RSSI,2022-11-27 04:20:06,-88
Tokyo,0002RSSI,2022-11-27 04:30:06,-89
Tokyo,0002RSSI,2022-11-27 04:40:06,-88
Tokyo,0002RSSI,2022-11-27 04:50:06,-88
Tokyo,0002RSSI,2022-11-27 05:00:06,-88
Tokyo,0002RSSI,2022-11-27 05:10:06,-88
Tokyo,0002RSSI,2022-11-27 05:20:06,-87
Tokyo,0002RSSI,2022-11-27 05:30:06,-88
Tokyo,0002RSSI,2022-11-27 05:40:06,-88
Tokyo,0002RSSI,2022-11-27 05:50:06,-88
Tokyo,0002RSSI,2022-11-27 06:00:06,-88
Tokyo,0002RSSI,2022-11-27 06:10:06,-89
Tokyo,0002RSSI,2022-11-27 06:20:06,-88
Tokyo,0002RSSI,2022-11-27 06:30:06,-87
Tokyo,0002RSSI,2022-11-27 06:40:06,-88
Tokyo,0002RSSI,2022-11-27 06:50:06,-88
Tokyo,0002RSSI,2022-11-27 07:00:06,-89
Tokyo,0002RSSI,2022-11-27 07:10:06,-89
Tokyo,0002RSSI,2022-11-27 07:20:06,-89
Tokyo,0002RSSI,2022-11-27 07:40:06,-90
Tokyo,0002RSSI,2022-11-27 07:50:06,-91
Tokyo,0002RSSI,2022-11-27 08:00:06,-89
Tokyo,0002RSSI,2022-11-27 08:10:06,-90
Tokyo,0002RSSI,2022-11-27 08:20:06,-90
Tokyo,0002RSSI,2022-11-27 08:30:06,-90
Tokyo,0002RSSI,2022-11-27 08:40:06,-89
Tokyo,0002RSSI,2022-11-27 08:50:06,-90
Tokyo,0002RSSI,2022-11-27 09:00:06,-90
Tokyo,0002RSSI,2022-11-27 09:10:06,-89
Tokyo,0002RSSI,2022-11-27 09:20:06,-89
Tokyo,0002RSSI,2022-11-27 09:30:06,-91
Tokyo,0002RSSI,2022-11-27 09:40:06,-90
Tokyo,0002RSSI,2022-11-27 09:50:06,-91
Tokyo,0002RSSI,2022-11-27 10:00:06,-89
Tokyo,0002RSSI,2022-11-27 10:10:06,-89
Tokyo,0002RSSI,2022-11-27 10:20:06,-89
Tokyo,0002RSSI,2022-11-27 10:30:06,-90
Tokyo,0002RSSI,2022-11-27 10:40:06,-89
Tokyo,0002RSSI,2022-11-27 10:50:06,-91
Tokyo,0002RSSI,2022-11-27 11:00:06,-91
Tokyo,0002RSSI,2022-11-27 11:10:06,-90
Tokyo,0002RSSI,2022-11-27 11:20:06,-89
Tokyo,0002RSSI,2022-11-27 11:30:06,-90
Tokyo,0002RSSI,2022-11-27 11:40:06,-90
Tokyo,0002RSSI,2022-11-27 11:50:06,-89
Tokyo,0002RSSI,2022-11-27 12:00:06,-89
Tokyo,0002RSSI,2022-11-27 12:10:06,-91
Tokyo,0002RSSI,2022-11-27 12:20:06,-89
Tokyo,0002RSSI,2022-11-27 12:30:06,-90
Tokyo,0002RSSI,2022-11-27 12:40:06,-89
Tokyo,0002RSSI,2022-11-27 12:50:06,-89
Tokyo,0002RSSI,2022-11-27 13:00:06,-89
Tokyo,0002RSSI,2022-11-27 13:10:06,-89
Tokyo,0002RSSI,2022-11-27 13:20:06,-89
Tokyo,0002RSSI,2022-11-27 13:30:06,-89
Tokyo,0002RSSI,2022-11-27 13:40:06,-89
Tokyo,0002RSSI,2022-11-27 13:50:06,-88
Tokyo,0002RSSI,2022-11-27 14:00:06,-89
Tokyo,0002RSSI,2022-11-27 14:10:06,-89
Tokyo,0002RSSI,2022-11-27 14:20:06,-89
Tokyo,0002RSSI,2022-11-27 14:30:06,-88
Tokyo,0002RSSI,2022-11-27 14:50:06,-88
Tokyo,0002RSSI,2022-11-27 15:00:06,-88
Tokyo,0002RSSI,2022-11-27 15:10:06,-88
Tokyo,0002RSSI,2022-11-27 15:20:06,-88
Tokyo,0002RSSI,2022-11-27 15:30:06,-88
Tokyo,0002RSSI,2022-11-27 15:40:06,-88
Tokyo,0002RSSI,2022-11-27 15:50:06,-88
Tokyo,0002RSSI,2022-11-27 16:00:06,-89
Tokyo,0002RSSI,2022-11-27 16:10:06,-89
Tokyo,0002RSSI,2022-11-27 16:20:06,-89
Tokyo,0002RSSI,2022-11-27 16:30:06,-88
Tokyo,0002RSSI,2022-11-27 16:40:06,-88
Tokyo,0002RSSI,2022-11-27 16:50:06,-88
Tokyo,0002RSSI,2022-11-27 17:00:06,-89
Tokyo,0002RSSI,2022-11-27 17:10:06,-88
Tokyo,0002RSSI,2022-11-27 17:20:06,-89
Tokyo,0002RSSI,2022-11-27 17:30:06,-88
Tokyo,0002RSSI,2022-11-27 17:40:06,-88
Tokyo,0002RSSI,2022-11-27 17:50:06,-89
Tokyo,0002RSSI,2022-11-27 18:00:06,-88
Tokyo,0002RSSI,2022-11-27 18:10:06,-89
Tokyo,0002RSSI,2022-11-27 18:20:06,-88
Tokyo,0002RSSI,2022-11-27 18:30:06,-88
Tokyo,0002RSSI,2022-11-27 18:40:06,-89
Tokyo,0002RSSI,2022-11-27 18:50:06,-89
Tokyo,0002RSSI,2022-11-27 19:00:06,-88
Tokyo,0002RSSI,2022-11-27 19:10:06,-89
Tokyo,0002RSSI,2022-11-27 19:20:06,-88
Tokyo,0002RSSI,2022-11-27 19:30:06,-88
Tokyo,0002RSSI,2022-11-27 19:40:06,-89
Tokyo,0002RSSI,2022-11-27 19:50:06,-89
Tokyo,0002RSSI,2022-11-27 20:00:06,-89
Tokyo,0002RSSI,2022-11-27 20:10:06,-88
Tokyo,0002RSSI,2022-11-27 20:20:06,-89
Tokyo,0002RSSI,2022-11-27 20:30:06,-89
Tokyo,0002RSSI,2022-11-27 20:40:06,-88
Tokyo,0002RSSI,2022-11-27 20:50:06,-87
Tokyo,0002RSSI,2022-11-27 21:00:06,-88
Tokyo,0002RSSI,2022-11-27 21:10:06,-89
Tokyo,0002RSSI,2022-11-27 21:20:06,-88
Tokyo,0002RSSI,2022-11-27 21:30:06,-89
Tokyo,0002RSSI,2022-11-27 21:40:06,-89
Tokyo,0002RSSI,2022-11-27 21:50:06,-88
Tokyo,0002RSSI,2022-11-27 22:00:06,-88
Tokyo,0002RSSI,2022-11-27 22:10:06,-89
Tokyo,0002RSSI,2022-11-27 22:20:06,-89
Tokyo,0002RSSI,2022-11-27 22:30:06,-88
Tokyo,0002RSSI,2022-11-27 22:40:06,-89
Tokyo,0002RSSI,2022-11-27 22:50:06,-89
Tokyo,0002RSSI,2022-11-27 23:00:06,-88
Tokyo,0002RSSI,2022-11-27 23:10:06,-89
Tokyo,0002RSSI,2022-11-27 23:20:06,-89
Tokyo,0002RSSI,2022-11-27 23:30:06,-89
Tokyo,0002RSSI,2022-11-27 23:40:06,-88
Tokyo,0002RSSI,2022-11-27 23:50:06,-88
Tokyo,0002RSSI,2022-11-28 00:00:06,-89
Tokyo,0002RSSI,2022-11-28 00:10:06,-88
Tokyo,0002RSSI,2022-11-28 00:20:06,-89
Tokyo,0002RSSI,2022-11-28 00:30:06,-88
Tokyo,0002RSSI,2022-11-28 00:40:06,-88
Tokyo,0002RSSI,2022-11-28 00:50:06,-88
Tokyo,0002RSSI,2022-11-28 01:00:06,-88
Tokyo,0002RSSI,2022-11-28 01:10:06,-88
Tokyo,0002RSSI,2022-11-28 01:20:06,-88
Tokyo,0002RSSI,2022-11-28 01:30:06,-88
Tokyo,0002RSSI,2022-11-28 01:40:06,-88
Tokyo,0002RSSI,2022-11-28 01:50:06,-89
Tokyo,0002RSSI,2022-11-28 02:00:06,-89
Tokyo,0002RSSI,2022-11-28 02:10:06,-89
Tokyo,0002RSSI,2022-11-28 02:20:06,-88
Tokyo,0002RSSI,2022-11-28 02:30:06,-89
Tokyo,0002RSSI,2022-11-28 02:40:06,-89
Tokyo,0002RSSI,2022-11-28 02:50:06,-88
Tokyo,0002RSSI,2022-11-28 03:00:06,-88
Tokyo,0002RSSI,2022-11-28 03:10:06,-89
Tokyo,0002RSSI,2022-11-28 03:20:06,-89
Tokyo,0002RSSI,2022-11-28 03:30:06,-89
Tokyo,0002RSSI,2022-11-28 03:40:06,-89
Tokyo,0002RSSI,2022-11-28 03:50:06,-89
Tokyo,0002RSSI,2022-11-28 04:00:06,-88
Tokyo,0002RSSI,2022-11-28 04:10:06,-89
Tokyo,0002RSSI,2022-11-28 04:20:06,-89
Tokyo,0002RSSI,2022-11-28 04:30:06,-89
Tokyo,0002RSSI,2022-11-28 04:40:06,-88
Tokyo,0002RSSI,2022-11-28 04:50:06,-88
Tokyo,0002RSSI,2022-11-28 05:00:06,-89
Tokyo,0002RSSI,2022-11-28 05:10:06,-90
Tokyo,0002RSSI,2022-11-28 05:20:06,-89
Tokyo,0002RSSI,2022-11-28 05:30:06,-90
Tokyo,0002RSSI,2022-11-28 05:40:06,-88
Tokyo,0002RSSI,2022-11-28 05:50:06,-89
Tokyo,0002RSSI,2022-11-28 06:00:06,-89
Tokyo,0002RSSI,2022-11-28 06:10:06,-89
Tokyo,0002RSSI,2022-11-28 06:20:06,-89
Tokyo,0002RSSI,2022-11-28 06:30:06,-89
Tokyo,0002RSSI,2022-11-28 06:40:06,-89
Tokyo,0002RSSI,2022-11-28 06:50:06,-89
Tokyo,0002RSSI,2022-11-28 07:00:06,-89
Tokyo,0002RSSI,2022-11-28 07:10:06,-89
Tokyo,0002RSSI,2022-11-28 07:20:06,-89
Tokyo,0002RSSI,2022-11-28 07:30:06,-89
Tokyo,0002RSSI,2022-11-28 07:40:06,-90
Tokyo,0002RSSI,2022-11-28 07:50:06,-89
Tokyo,0002RSSI,2022-11-28 08:00:06,-90
Tokyo,0002RSSI,2022-11-28 08:10:06,-89
Tokyo,0002RSSI,2022-11-28 08:20:06,-90
Tokyo,0002RSSI,2022-11-28 08:30:06,-89
Tokyo,0002RSSI,2022-11-28 08:40:06,-91
Tokyo,0002RSSI,2022-11-28 08:50:06,-90
Tokyo,0002RSSI,2022-11-28 09:00:06,-90
Tokyo,0002RSSI,2022-11-28 09:10:06,-90
Tokyo,0002RSSI,2022-11-28 09:20:06,-89
Tokyo,0002RSSI,2022-11-28 09:30:06,-90
Tokyo,0002RSSI,2022-11-28 09:40:06,-89
Tokyo,0002RSSI,2022-11-28 09:50:06,-90
Tokyo,0002RSSI,2022-11-28 10:00:06,-90
Tokyo,0002RSSI,2022-11-28 10:10:06,-90
Tokyo,0002RSSI,2022-11-28 10:20:06,-90
Tokyo,0002RSSI,2022-11-28 10:30:06,-90
Tokyo,0002RSSI,2022-11-28 10:40:06,-91
Tokyo,0002RSSI,2022-11-28 10:50:06,-89
Tokyo,0002RSSI,2022-11-28 11:00:06,-89
Tokyo,0002RSSI,2022-11-28 11:10:06,-89
Tokyo,0002RSSI,2022-11-28 11:20:06,-90
Tokyo,0002RSSI,2022-11-28 11:30:06,-90
Tokyo,0002RSSI,2022-11-28 11:40:06,-89
Tokyo,0002RSSI,2022-11-28 11:50:06,-90
Tokyo,0002RSSI,2022-11-28 12:00:06,-89
Tokyo,0002RSSI,2022-11-28 12:10:06,-89
Tokyo,0002RSSI,2022-11-28 12:20:06,-90
Tokyo,0002RSSI,2022-11-28 12:30:06,-90
Tokyo,0002RSSI,2022-11-28 12:40:06,-90
Tokyo,0002RSSI,2022-11-28 12:50:06,-90
Tokyo,0002RSSI,2022-11-28 13:00:06,-89
Tokyo,0002RSSI,2022-11-28 13:10:06,-90
Tokyo,0002RSSI,2022-11-28 13:20:06,-90
Tokyo,0002RSSI,2022-11-28 13:30:06,-90
Tokyo,0002RSSI,2022-11-28 13:40:06,-90
Tokyo,0002RSSI,2022-11-28 13:50:06,-90
Tokyo,0002RSSI,2022-11-28 14:00:06,-89
Tokyo,0002RSSI,2022-11-28 14:10:06,-90
Tokyo,0002RSSI,2022-11-28 14:20:06,-89
Tokyo,0002RSSI,2022-11-28 14:30:06,-89
Tokyo,0002RSSI,2022-11-28 14:40:06,-89
Tokyo,0002RSSI,2022-11-28 14:50:06,-89
Tokyo,0002RSSI,2022-11-28 15:00:06,-89
Tokyo,0002RSSI,2022-11-28 15:10:06,-88
Tokyo,0002RSSI,2022-11-28 15:20:06,-89
Tokyo,0002RSSI,2022-11-28 15:30:06,-88
Tokyo,0002RSSI,2022-11-28 15:40:06,-88
Tokyo,0002RSSI,2022-11-28 15:50:06,-88
Tokyo,0002RSSI,2022-11-28 16:00:06,-88
Tokyo,0002RSSI,2022-11-28 16:10:06,-88
Tokyo,0002RSSI,2022-11-28 16:20:06,-89
Tokyo,0002RSSI,2022-11-28 16:30:06,-88
Tokyo,0002RSSI,2022-11-28 16:40:06,-88
Tokyo,0002RSSI,2022-11-28 16:50:06,-88
Tokyo,0002RSSI,2022-11-28 17:00:06,-89
Tokyo,0002RSSI,2022-11-28 17:10:06,-88
Tokyo,0002RSSI,2022-11-28 17:20:06,-89
Tokyo,0002RSSI,2022-11-28 17:30:06,-89
Tokyo,0002RSSI,2022-11-28 17:40:06,-88
Tokyo,0002RSSI,2022-11-28 17:50:06,-88
Tokyo,0002RSSI,2022-11-28 18:00:06,-88
Tokyo,0002RSSI,2022-11-28 18:10:06,-89
Tokyo,0002RSSI,2022-11-28 18:20:06,-89
Tokyo,0002RSSI,2022-11-28 18:30:06,-88
Tokyo,0002RSSI,2022-11-28 18:40:06,-88
Tokyo,0002RSSI,2022-11-28 18:50:06,-89
Tokyo,0002RSSI,2022-11-28 19:00:06,-89
Tokyo,0002RSSI,2022-11-28 19:10:06,-88
Tokyo,0002RSSI,2022-11-28 19:20:06,-89
Tokyo,0002RSSI,2022-11-28 19:30:06,-89
Tokyo,0002RSSI,2022-11-28 19:40:06,-88
Tokyo,0002RSSI,2022-11-28 19:50:06,-88
Tokyo,0002RSSI,2022-11-28 20:10:06,-89
Tokyo,0002RSSI,2022-11-28 20:20:06,-88
Tokyo,0002RSSI,2022-11-28 20:30:06,-89
Tokyo,0002RSSI,2022-11-28 20:40:06,-89
Tokyo,0002RSSI,2022-11-28 20:50:06,-88
Tokyo,0002RSSI,2022-11-28 21:00:06,-88
Tokyo,0002RSSI,2022-11-28 21:10:06,-89
Tokyo,0002RSSI,2022-11-28 21:20:06,-88
Tokyo,0002RSSI,2022-11-28 21:30:06,-89
Tokyo,0002RSSI,2022-11-28 21:40:06,-88
Tokyo,0002RSSI,2022-11-28 21:50:06,-88
Tokyo,0002RSSI,2022-11-28 22:00:06,-89
Tokyo,0002RSSI,2022-11-28 22:10:06,-88
Tokyo,0002RSSI,2022-11-28 22:20:06,-88
Tokyo,0002RSSI,2022-11-28 22:30:06,-88
Tokyo,0002RSSI,2022-11-28 22:40:06,-89
Tokyo,0002RSSI,2022-11-28 22:50:06,-89
Tokyo,0002RSSI,2022-11-28 23:00:06,-88
Tokyo,0002RSSI,2022-11-28 23:10:06,-89
Tokyo,0002RSSI,2022-11-28 23:20:06,-88
Tokyo,0002RSSI,2022-11-28 23:30:06,-88
Tokyo,0002RSSI,2022-11-28 23:40:06,-88
Tokyo,0002RSSI,2022-11-28 23:50:06,-89
Tokyo,0002RSSI,2022-11-29 00:00:06,-88
Tokyo,0002RSSI,2022-11-29 00:10:06,-88
Tokyo,0002RSSI,2022-11-29 00:20:06,-89
Tokyo,0002RSSI,2022-11-29 00:30:06,-89
Tokyo,0002RSSI,2022-11-29 00:40:06,-88
Tokyo,0002RSSI,2022-11-29 00:50:06,-88
Tokyo,0002RSSI,2022-11-29 01:00:06,-89
Tokyo,0002RSSI,2022-11-29 01:10:06,-88
Tokyo,0002RSSI,2022-11-29 01:20:06,-88
Tokyo,0002RSSI,2022-11-29 01:30:06,-89
Tokyo,0002RSSI,2022-11-29 01:40:06,-89
Tokyo,0002RSSI,2022-11-29 01:50:06,-89
Tokyo,0002RSSI,2022-11-29 02:00:06,-88
Tokyo,0002RSSI,2022-11-29 02:10:06,-88
Tokyo,0002RSSI,2022-11-29 02:20:06,-89
Tokyo,0002RSSI,2022-11-29 02:30:06,-88
Tokyo,0002RSSI,2022-11-29 02:40:06,-89
Tokyo,0002RSSI,2022-11-29 02:50:06,-88
Tokyo,0002RSSI,2022-11-29 03:00:06,-88
Tokyo,0002RSSI,2022-11-29 03:10:06,-88
Tokyo,0002RSSI,2022-11-29 03:20:06,-88
Tokyo,0002RSSI,2022-11-29 03:30:06,-88
Tokyo,0002RSSI,2022-11-29 03:40:06,-88
Tokyo,0002RSSI,2022-11-29 03:50:06,-89
Tokyo,0002RSSI,2022-11-29 04:00:06,-88
Tokyo,0002RSSI,2022-11-29 04:10:06,-88
Tokyo,0002RSSI,2022-11-29 04:20:06,-89
Tokyo,0002RSSI,2022-11-29 04:30:06,-88
Tokyo,0002RSSI,2022-11-29 04:40:06,-88
Tokyo,0002RSSI,2022-11-29 04:50:06,-88
Tokyo,0002RSSI,2022-11-29 05:00:06,-88
Tokyo,0002RSSI,2022-11-29 05:10:06,-89
Tokyo,0002RSSI,2022-11-29 05:20:06,-88
Tokyo,0002RSSI,2022-11-29 05:30:06,-88
Tokyo,0002RSSI,2022-11-29 05:40:06,-88
Tokyo,0002RSSI,2022-11-29 05:50:06,-87
Tokyo,0002RSSI,2022-11-29 06:00:06,-88
Tokyo,0002RSSI,2022-11-29 06:10:06,-88
Tokyo,0002RSSI,2022-11-29 06:20:06,-88
Tokyo,0002RSSI,2022-11-29 06:30:06,-89
Tokyo,0002RSSI,2022-11-29 06:40:06,-88
Tokyo,0002RSSI,2022-11-29 06:50:06,-88
Tokyo,0002RSSI,2022-11-29 07:00:06,-88
Tokyo,0002RSSI,2022-11-29 07:10:06,-89
Tokyo,0002RSSI,2022-11-29 07:20:06,-89
Tokyo,0002RSSI,2022-11-29 07:30:06,-89
Tokyo,0002RSSI,2022-11-29 07:40:06,-89
Tokyo,0002RSSI,2022-11-29 07:50:06,-88
Tokyo,0002RSSI,2022-11-29 08:00:06,-88
Tokyo,0002RSSI,2022-11-29 08:10:06,-89
Tokyo,0002RSSI,2022-11-29 08:50:06,-88
Tokyo,0002RSSI,2022-11-29 09:00:06,-89
Tokyo,0002RSSI,2022-11-29 09:10:06,-88
Tokyo,0002RSSI,2022-11-29 09:20:06,-88
Tokyo,0002RSSI,2022-11-29 09:30:06,-88
Tokyo,0002RSSI,2022-11-29 09:40:06,-88
Tokyo,0002RSSI,2022-11-29 09:50:06,-88
Tokyo,0002RSSI,2022-11-29 10:00:06,-88
Tokyo,0002RSSI,2022-11-29 10:10:06,-88
Tokyo,0002RSSI,2022-11-29 10:20:06,-88
Tokyo,0002RSSI,2022-11-29 10:30:06,-88
Tokyo,0002RSSI,2022-11-29 10:40:06,-88
Tokyo,0002RSSI,2022-11-29 10:50:06,-88
Tokyo,0002RSSI,2022-11-29 11:00:06,-89
Tokyo,0002RSSI,2022-11-29 11:10:06,-90
Tokyo,0002RSSI,2022-11-29 11:20:06,-90
Tokyo,0002RSSI,2022-11-29 11:30:06,-90
Tokyo,0002RSSI,2022-11-29 11:40:06,-89
Tokyo,0002RSSI,2022-11-29 11:50:06,-88
Tokyo,0002RSSI,2022-11-29 12:00:06,-89
Tokyo,0002RSSI,2022-11-29 12:10:06,-87
Tokyo,0002RSSI,2022-11-29 12:20:06,-87
Tokyo,0002RSSI,2022-11-29 12:30:06,-87
Tokyo,0002RSSI,2022-11-29 12:40:06,-87
Tokyo,0002RSSI,2022-11-29 12:50:06,-87
Tokyo,0002RSSI,2022-11-29 13:00:06,-87
Tokyo,0002RSSI,2022-11-29 13:10:06,-87
Tokyo,0002RSSI,2022-11-29 13:20:06,-88
Tokyo,0002RSSI,2022-11-29 13:30:06,-88
Tokyo,0002RSSI,2022-11-29 13:40:06,-88
Tokyo,0002RSSI,2022-11-29 13:50:06,-88
Tokyo,0002RSSI,2022-11-29 14:00:06,-88
Tokyo,0002RSSI,2022-11-29 14:10:06,-88
Tokyo,0002RSSI,2022-11-29 14:20:06,-88
Tokyo,0002RSSI,2022-11-29 14:30:06,-88
Tokyo,0002RSSI,2022-11-29 14:40:06,-88
Tokyo,0002RSSI,2022-11-29 14:50:06,-88
Tokyo,0002RSSI,2022-11-29 15:00:06,-87
Tokyo,0002RSSI,2022-11-29 15:10:06,-88
Tokyo,0002RSSI,2022-11-29 15:20:06,-89
Tokyo,0002RSSI,2022-11-29 15:30:06,-89
Tokyo,0002RSSI,2022-11-29 15:40:06,-89
Tokyo,0002RSSI,2022-11-29 15:50:06,-88
Tokyo,0002RSSI,2022-11-29 16:00:06,-88
Tokyo,0002RSSI,2022-11-29 16:10:06,-87
Tokyo,0002RSSI,2022-11-29 16:20:06,-89
Tokyo,0002RSSI,2022-11-29 16:30:06,-89
Tokyo,0002RSSI,2022-11-29 16:40:06,-88
Tokyo,0002RSSI,2022-11-29 16:50:06,-88
Tokyo,0002RSSI,2022-11-29 17:00:06,-87
Tokyo,0002RSSI,2022-11-29 17:10:06,-87
Tokyo,0002RSSI,2022-11-29 17:20:06,-88
Tokyo,0002RSSI,2022-11-29 17:30:06,-88
Tokyo,0002RSSI,2022-11-29 17:40:06,-88
Tokyo,0002RSSI,2022-11-29 17:50:06,-88
Tokyo,0002RSSI,2022-11-29 18:00:06,-88
Tokyo,0002RSSI,2022-11-29 18:10:06,-87
Tokyo,0002RSSI,2022-11-29 18:20:06,-88
Tokyo,0002RSSI,2022-11-29 18:30:06,-87
Tokyo,0002RSSI,2022-11-29 18:40:06,-88
Tokyo,0002RSSI,2022-11-29 18:50:06,-88
Tokyo,0002RSSI,2022-11-29 19:00:06,-88
Tokyo,0002RSSI,2022-11-29 19:10:06,-87
Tokyo,0002RSSI,2022-11-29 19:20:06,-87
Tokyo,0002RSSI,2022-11-29 19:30:06,-87
Tokyo,0002RSSI,2022-11-29 19:40:06,-87
Tokyo,0002RSSI,2022-11-29 19:50:06,-87
Tokyo,0002RSSI,2022-11-29 20:00:06,-87
Tokyo,0002RSSI,2022-11-29 20:10:06,-88
Tokyo,0002RSSI,2022-11-29 20:20:06,-87
Tokyo,0002RSSI,2022-11-29 20:30:06,-88
Tokyo,0002RSSI,2022-11-29 20:40:06,-88
Tokyo,0002RSSI,2022-11-29 20:50:06,-88
Tokyo,0002RSSI,2022-11-29 21:00:06,-88
Tokyo,0002RSSI,2022-11-29 21:10:06,-88
Tokyo,0002RSSI,2022-11-29 21:20:06,-87
Tokyo,0002RSSI,2022-11-29 21:30:06,-87
Tokyo,0002RSSI,2022-11-29 21:40:06,-87
Tokyo,0002RSSI,2022-11-29 21:50:06,-87
Tokyo,0002RSSI,2022-11-29 22:00:06,-88
Tokyo,0002RSSI,2022-11-29 22:10:06,-87
Tokyo,0002RSSI,2022-11-29 22:20:06,-88
Tokyo,0002RSSI,2022-11-29 22:30:06,-87
Tokyo,0002RSSI,2022-11-29 22:40:06,-87
Tokyo,0002RSSI,2022-11-29 22:50:06,-87
Tokyo,0002RSSI,2022-11-29 23:00:06,-88
Tokyo,0002RSSI,2022-11-29 23:10:06,-87
Tokyo,0002RSSI,2022-11-29 23:20:06,-87
Tokyo,0002RSSI,2022-11-29 23:30:06,-87
Tokyo,0002RSSI,2022-11-29 23:40:06,-88
Tokyo,0002RSSI,2022-11-29 23:50:06,-87
Tokyo,0002RSSI,2022-11-30 00:00:06,-87
Tokyo,0002RSSI,2022-11-30 00:10:06,-87
Tokyo,0002RSSI,2022-11-30 00:20:06,-87
Tokyo,0002RSSI,2022-11-30 00:30:06,-88
Tokyo,0002RSSI,2022-11-30 00:40:06,-88
Tokyo,0002RSSI,2022-11-30 00:50:06,-88
Tokyo,0002RSSI,2022-11-30 01:00:06,-88
Tokyo,0002RSSI,2022-11-30 01:10:06,-88
Tokyo,0002RSSI,2022-11-30 01:20:06,-88
Tokyo,0002RSSI,2022-11-30 01:30:06,-87
Tokyo,0002RSSI,2022-11-30 01:40:06,-87
Tokyo,0002RSSI,2022-11-30 01:50:06,-88
Tokyo,0002RSSI,2022-11-30 02:00:06,-88
Tokyo,0002RSSI,2022-11-30 02:10:06,-87
Tokyo,0002RSSI,2022-11-30 02:20:06,-87
Tokyo,0002RSSI,2022-11-30 02:30:06,-87
Tokyo,0002RSSI,2022-11-30 02:40:06,-88
Tokyo,0002RSSI,2022-11-30 02:50:06,-88
Tokyo,0002RSSI,2022-11-30 03:00:06,-87
Tokyo,0002RSSI,2022-11-30 03:10:06,-88
Tokyo,0002RSSI,2022-11-30 03:20:06,-87
Tokyo,0002RSSI,2022-11-30 03:30:06,-88
Tokyo,0002RSSI,2022-11-30 03:40:06,-87
Tokyo,0002RSSI,2022-11-30 03:50:06,-88
Tokyo,0002RSSI,2022-11-30 04:00:06,-87
Tokyo,0002RSSI,2022-11-30 04:10:06,-87
Tokyo,0002RSSI,2022-11-30 04:20:06,-87
Tokyo,0002RSSI,2022-11-30 04:30:06,-86
Tokyo,0002RSSI,2022-11-30 04:40:06,-87
Tokyo,0002RSSI,2022-11-30 04:50:06,-87
Tokyo,0002RSSI,2022-11-30 05:00:06,-87
Tokyo,0002RSSI,2022-11-30 05:10:06,-87
Tokyo,0002RSSI,2022-11-30 05:20:06,-87
Tokyo,0002RSSI,2022-11-30 05:30:06,-87
Tokyo,0002RSSI,2022-11-30 05:40:06,-87
Tokyo,0002RSSI,2022-11-30 05:50:06,-88
Tokyo,0002RSSI,2022-11-30 06:00:06,-87
Tokyo,0002RSSI,2022-11-30 06:10:06,-88
Tokyo,0002RSSI,2022-11-30 06:20:06,-87
Tokyo,0002RSSI,2022-11-30 06:30:06,-88
Tokyo,0002RSSI,2022-11-30 06:40:06,-87
Tokyo,0002RSSI,2022-11-30 06:50:06,-87
Tokyo,0002RSSI,2022-11-30 07:00:06,-87
Tokyo,0002RSSI,2022-11-30 07:10:06,-88
Tokyo,0002RSSI,2022-11-30 07:20:06,-88
Tokyo,0002RSSI,2022-11-30 07:30:06,-88
Tokyo,0002RSSI,2022-11-30 07:40:06,-88
Tokyo,0002RSSI,2022-11-30 07:50:06,-88
Tokyo,0002RSSI,2022-11-30 08:00:06,-89
Tokyo,0002RSSI,2022-11-30 08:10:06,-88
Tokyo,0002RSSI,2022-11-30 08:20:06,-88
Tokyo,0002RSSI,2022-11-30 08:30:06,-87
Tokyo,0002RSSI,2022-11-30 08:40:06,-89
Tokyo,0002RSSI,2022-11-30 08:50:06,-89
Tokyo,0002RSSI,2022-11-30 09:00:06,-87
Tokyo,0002RSSI,2022-11-30 09:10:06,-89
Tokyo,0002RSSI,2022-11-30 09:20:06,-87
Tokyo,0002RSSI,2022-11-30 09:30:06,-88
Tokyo,0002RSSI,2022-11-30 09:40:06,-87
Tokyo,0002RSSI,2022-11-30 09:50:06,-87
Tokyo,0002RSSI,2022-11-30 10:00:06,-87
Tokyo,0002RSSI,2022-11-30 10:10:06,-87
Tokyo,0002RSSI,2022-11-30 10:20:06,-88
Tokyo,0002RSSI,2022-11-30 10:30:06,-88
Tokyo,0002RSSI,2022-11-30 10:40:06,-87
Tokyo,0002RSSI,2022-11-30 10:50:06,-88
Tokyo,0002RSSI,2022-11-30 11:00:06,-87
Tokyo,0002RSSI,2022-11-30 11:10:06,-87
Tokyo,0002RSSI,2022-11-30 11:20:06,-87
Tokyo,0002RSSI,2022-11-30 11:30:06,-88
Tokyo,0002RSSI,2022-11-30 11:40:06,-87
Tokyo,0002RSSI,2022-11-30 11:50:06,-87
Tokyo,0002RSSI,2022-11-30 12:00:06,-87
Tokyo,0002RSSI,2022-11-30 12:10:06,-88
Tokyo,0002RSSI,2022-11-30 12:20:06,-87
Tokyo,0002RSSI,2022-11-30 12:30:06,-87
Tokyo,0002RSSI,2022-11-30 12:40:06,-87
Tokyo,0002RSSI,2022-11-30 12:50:06,-87
Tokyo,0002RSSI,2022-11-30 13:00:06,-87
Tokyo,0002RSSI,2022-11-30 13:10:06,-87
Tokyo,0002RSSI,2022-11-30 13:20:06,-87
Tokyo,0002RSSI,2022-11-30 13:30:06,-87
Tokyo,0002RSSI,2022-11-30 13:40:06,-87
Tokyo,0002RSSI,2022-11-30 13:50:06,-87
Tokyo,0002RSSI,2022-11-30 14:00:06,-87
Tokyo,0002RSSI,2022-11-30 14:10:06,-88
Tokyo,0002RSSI,2022-11-30 14:20:06,-87
Tokyo,0002RSSI,2022-11-30 14:30:06,-87
Tokyo,0002RSSI,2022-11-30 14:40:06,-87
Tokyo,0002RSSI,2022-11-30 14:50:06,-87
Tokyo,0002RSSI,2022-11-30 15:00:06,-87
Tokyo,0002RSSI,2022-11-30 15:10:06,-87
Tokyo,0002RSSI,2022-11-30 15:20:06,-87
Tokyo,0002RSSI,2022-11-30 15:30:06,-87
Tokyo,0002RSSI,2022-11-30 15:40:06,-87
Tokyo,0002RSSI,2022-11-30 15:50:06,-88
Tokyo,0002RSSI,2022-11-30 16:00:06,-88
Tokyo,0002RSSI,2022-11-30 16:10:06,-87
Tokyo,0002RSSI,2022-11-30 16:20:06,-87
Tokyo,0002RSSI,2022-11-30 16:30:06,-87
Tokyo,0002RSSI,2022-11-30 16:40:06,-88
Tokyo,0002RSSI,2022-11-30 16:50:06,-87
Tokyo,0002RSSI,2022-11-30 17:00:06,-88
Tokyo,0002RSSI,2022-11-30 17:10:06,-87
Tokyo,0002RSSI,2022-11-30 17:20:06,-87
Tokyo,0002RSSI,2022-11-30 17:30:06,-88
Tokyo,0002RSSI,2022-11-30 17:40:06,-87
Tokyo,0002RSSI,2022-11-30 17:50:06,-88
Tokyo,0002RSSI,2022-11-30 18:00:06,-87
Tokyo,0002RSSI,2022-11-30 18:10:06,-87
Tokyo,0002RSSI,2022-11-30 18:20:06,-87
Tokyo,0002RSSI,2022-11-30 18:30:06,-87
Tokyo,0002RSSI,2022-11-30 18:40:06,-87
Tokyo,0002RSSI,2022-11-30 18:50:06,-87
Tokyo,0002RSSI,2022-11-30 19:00:06,-87
Tokyo,0002RSSI,2022-11-30 19:10:06,-87
Tokyo,0002RSSI,2022-11-30 19:20:06,-87
Tokyo,0002RSSI,2022-11-30 19:30:06,-88
Tokyo,0002RSSI,2022-11-30 19:40:06,-88
Tokyo,0002RSSI,2022-11-30 19:50:06,-88
Tokyo,0002RSSI,2022-11-30 20:00:06,-87
Tokyo,0002RSSI,2022-11-30 20:10:06,-87
Tokyo,0002RSSI,2022-11-30 20:20:06,-87
Tokyo,0002RSSI,2022-11-30 20:30:06,-88
Tokyo,0002RSSI,2022-11-30 20:40:06,-87
Tokyo,0002RSSI,2022-11-30 20:50:06,-87
Tokyo,0002RSSI,2022-11-30 21:00:06,-88
Tokyo,0002RSSI,2022-11-30 21:10:06,-87
Tokyo,0002RSSI,2022-11-30 21:20:06,-88
Tokyo,0002RSSI,2022-11-30 21:30:06,-87
Tokyo,0002RSSI,2022-11-30 21:40:06,-87
Tokyo,0002RSSI,2022-11-30 21:50:06,-87
Tokyo,0002RSSI,2022-11-30 22:00:06,-87
Tokyo,0002RSSI,2022-11-30 22:10:06,-87
Tokyo,0002RSSI,2022-11-30 22:20:06,-87
Tokyo,0002RSSI,2022-11-30 22:30:06,-88
Tokyo,0002RSSI,2022-11-30 22:40:06,-88
Tokyo,0002RSSI,2022-11-30 22:50:06,-88
Tokyo,0002RSSI,2022-11-30 23:00:06,-88
Tokyo,0002RSSI,2022-11-30 23:10:06,-87
Tokyo,0002RSSI,2022-11-30 23:20:06,-86
Tokyo,0002RSSI,2022-11-30 23:30:06,-87
Tokyo,0002RSSI,2022-11-30 23:40:06,-88
Tokyo,0002RSSI,2022-11-30 23:50:06,-87
Tokyo,0002RSSI,2022-12-01 00:00:06,-88
Tokyo,0002RSSI,2022-12-01 00:10:06,-87
Tokyo,0002RSSI,2022-12-01 00:20:06,-88
Tokyo,0002RSSI,2022-12-01 00:30:06,-88
Tokyo,0002RSSI,2022-12-01 00:40:06,-88
Tokyo,0002RSSI,2022-12-01 00:50:06,-87
Tokyo,0002RSSI,2022-12-01 01:00:06,-87
Tokyo,0002RSSI,2022-12-01 01:10:06,-87
Tokyo,0002RSSI,2022-12-01 01:20:06,-88

