"time","voltage"
"2022-08-11 00:21:00",11.156
"2022-08-11 00:20:00",11.184
"2022-08-11 00:19:00",11.22
"2022-08-11 00:18:00",11.244
"2022-08-11 00:17:00",11.28
"2022-08-11 00:16:00",11.304
"2022-08-11 00:15:00",11.324
"2022-08-11 00:14:00",11.356
"2022-08-11 00:13:00",11.372
"2022-08-11 00:12:00",11.388
"2022-08-11 00:11:00",11.42
"2022-08-11 00:10:00",11.44
"2022-08-11 00:09:00",11.452
"2022-08-11 00:08:00",11.464
"2022-08-11 00:07:00",11.492
"2022-08-11 00:06:00",11.512
"2022-08-11 00:05:00",11.528
"2022-08-11 00:04:00",11.536
"2022-08-11 00:03:00",11.548
"2022-08-11 00:02:00",11.564
"2022-08-11 00:01:00",11.572
"2022-08-11 00:00:00",11.592
"2022-08-10 23:59:00",11.604
"2022-08-10 23:58:00",11.608
"2022-08-10 23:57:00",11.628
"2022-08-10 23:56:00",11.636
"2022-08-10 23:55:00",11.644
"2022-08-10 23:54:00",11.66
"2022-08-10 23:53:00",11.676
"2022-08-10 23:52:00",11.68
"2022-08-10 23:51:00",11.688
"2022-08-10 23:50:00",11.692
"2022-08-10 23:49:00",11.716
"2022-08-10 23:48:00",11.712
"2022-08-10 23:47:00",11.716
"2022-08-10 23:46:00",11.744
"2022-08-10 23:45:00",11.74
"2022-08-10 23:44:00",11.752
"2022-08-10 23:43:00",11.768
"2022-08-10 23:42:00",11.772
"2022-08-10 23:41:00",11.772
"2022-08-10 23:40:00",11.784
"2022-08-10 23:39:00",11.796
"2022-08-10 23:38:00",11.796
"2022-08-10 23:37:00",11.808
"2022-08-10 23:36:00",11.82
"2022-08-10 23:35:00",11.82
"2022-08-10 23:34:00",11.824
"2022-08-10 23:33:00",11.84
"2022-08-10 23:32:00",11.844
"2022-08-10 23:31:00",11.856
"2022-08-10 23:30:00",11.856
"2022-08-10 23:29:00",11.856
"2022-08-10 23:28:00",11.872
"2022-08-10 23:27:00",11.88
"2022-08-10 23:26:00",11.884
"2022-08-10 23:25:00",11.892
"2022-08-10 23:24:00",11.904
"2022-08-10 23:23:00",11.912
"2022-08-10 23:22:00",11.912
"2022-08-10 23:21:00",11.912
"2022-08-10 23:20:00",11.932
"2022-08-10 23:19:00",11.936
"2022-08-10 23:18:00",11.932
"2022-08-10 23:17:00",11.948
"2022-08-10 23:16:00",11.948
"2022-08-10 23:15:00",11.952
"2022-08-10 23:14:00",11.964
"2022-08-10 23:13:00",11.96
"2022-08-10 23:12:00",11.972
"2022-08-10 23:11:00",11.976
"2022-08-10 23:10:00",11.988
"2022-08-10 23:09:00",11.988
"2022-08-10 23:08:00",11.996
"2022-08-10 23:07:00",12.004
"2022-08-10 23:06:00",12.008
"2022-08-10 23:05:00",12.02
"2022-08-10 23:04:00",12.016
"2022-08-10 23:03:00",12.024
"2022-08-10 23:02:00",12.028
"2022-08-10 23:01:00",12.04
"2022-08-10 23:00:00",12.036
"2022-08-10 22:59:00",12.048
"2022-08-10 22:58:00",12.048
"2022-08-10 22:57:00",12.064
"2022-08-10 22:56:00",12.064
"2022-08-10 22:55:00",12.072
"2022-08-10 22:54:00",12.072
"2022-08-10 22:53:00",12.08
"2022-08-10 22:52:00",12.072
"2022-08-10 22:51:00",12.088
"2022-08-10 22:50:00",12.096
"2022-08-10 22:49:00",12.096
"2022-08-10 22:48:00",12.104
"2022-08-10 22:47:00",12.112
"2022-08-10 22:46:00",12.112
"2022-08-10 22:45:00",12.116
"2022-08-10 22:44:00",12.128
"2022-08-10 22:43:00",12.128
"2022-08-10 22:42:00",12.128
"2022-08-10 22:41:00",12.136
"2022-08-10 22:40:00",12.144
"2022-08-10 22:39:00",12.144
"2022-08-10 22:38:00",12.152
"2022-08-10 22:37:00",12.16
"2022-08-10 22:36:00",12.164
"2022-08-10 22:35:00",12.16
"2022-08-10 22:34:00",12.168
"2022-08-10 22:33:00",12.168
"2022-08-10 22:32:00",12.172
"2022-08-10 22:31:00",12.18
"2022-08-10 22:30:00",12.192
"2022-08-10 22:29:00",12.196
"2022-08-10 22:28:00",12.2
"2022-08-10 22:27:00",12.2
"2022-08-10 22:26:00",12.204
"2022-08-10 22:25:00",12.208
"2022-08-10 22:24:00",12.204
"2022-08-10 22:23:00",12.216
"2022-08-10 22:22:00",12.228
"2022-08-10 22:21:00",12.22
"2022-08-10 22:20:00",12.228
"2022-08-10 22:19:00",12.232
"2022-08-10 22:18:00",12.24
"2022-08-10 22:17:00",12.24
"2022-08-10 22:16:00",12.248
"2022-08-10 22:15:00",12.256
"2022-08-10 22:13:00",12.256
"2022-08-10 22:12:00",12.264
"2022-08-10 22:11:00",12.264
"2022-08-10 22:10:00",12.268
"2022-08-10 22:09:00",12.268
"2022-08-10 22:08:00",12.276
"2022-08-10 22:07:00",12.276
"2022-08-10 22:06:00",12.276
"2022-08-10 22:05:00",12.288
"2022-08-10 22:04:00",12.288
"2022-08-10 22:03:00",12.292
"2022-08-10 22:02:00",12.304
"2022-08-10 22:01:00",12.304
"2022-08-10 22:00:00",12.3
"2022-08-10 21:59:00",12.308
"2022-08-10 21:58:00",12.312
"2022-08-10 21:57:00",12.308
"2022-08-10 21:56:00",12.316
"2022-08-10 21:55:00",12.324
"2022-08-10 21:54:00",12.32
"2022-08-10 21:53:00",12.332
"2022-08-10 21:52:00",12.336
"2022-08-10 21:51:00",12.336
"2022-08-10 21:50:00",12.344
"2022-08-10 21:49:00",12.336
"2022-08-10 21:48:00",12.352
"2022-08-10 21:47:00",12.344
"2022-08-10 21:46:00",12.352
"2022-08-10 21:45:00",12.36
"2022-08-10 21:44:00",12.36
"2022-08-10 21:43:00",12.364
"2022-08-10 21:42:00",12.364
"2022-08-10 21:41:00",12.364
"2022-08-10 21:40:00",12.372
"2022-08-10 21:39:00",12.376
"2022-08-10 21:38:00",12.384
"2022-08-10 21:37:00",12.388
"2022-08-10 21:36:00",12.392
"2022-08-10 21:35:00",12.396
"2022-08-10 21:34:00",12.396
"2022-08-10 21:33:00",12.4
"2022-08-10 21:32:00",12.404
"2022-08-10 21:31:00",12.408
"2022-08-10 21:30:00",12.404
"2022-08-10 21:29:00",12.416
"2022-08-10 21:28:00",12.408
"2022-08-10 21:27:00",12.412
"2022-08-10 21:26:00",12.412
"2022-08-10 21:25:00",12.416
"2022-08-10 21:24:00",12.42
"2022-08-10 21:23:00",12.428
"2022-08-10 21:22:00",12.432
"2022-08-10 21:21:00",12.428
"2022-08-10 21:20:00",12.428
"2022-08-10 21:19:00",12.444
"2022-08-10 21:18:00",12.444
"2022-08-10 21:17:00",12.432
"2022-08-10 21:16:00",12.448
"2022-08-10 21:15:00",12.448
"2022-08-10 21:14:00",12.444
"2022-08-10 21:13:00",12.448
"2022-08-10 21:12:00",12.46
"2022-08-10 21:11:00",12.452
"2022-08-10 21:10:00",12.456
"2022-08-10 21:09:00",12.46
"2022-08-10 21:08:00",12.46
"2022-08-10 21:07:00",12.468
"2022-08-10 21:06:00",12.472
"2022-08-10 21:05:00",12.476
"2022-08-10 21:04:00",12.476
"2022-08-10 21:03:00",12.472
"2022-08-10 21:02:00",12.484
"2022-08-10 21:01:00",12.476
"2022-08-10 21:00:00",12.484
"2022-08-10 20:59:00",12.492
"2022-08-10 20:58:00",12.48
"2022-08-10 20:57:00",12.492
"2022-08-10 20:56:00",12.496
"2022-08-10 20:55:00",12.5
"2022-08-10 20:54:00",12.496
"2022-08-10 20:53:00",12.5
"2022-08-10 20:52:00",12.504
"2022-08-10 20:51:00",12.504
"2022-08-10 20:50:00",12.504
"2022-08-10 20:49:00",12.512
"2022-08-10 20:48:00",12.512
"2022-08-10 20:47:00",12.512
"2022-08-10 20:46:00",12.512
"2022-08-10 20:45:00",12.512
"2022-08-10 20:44:00",12.516
"2022-08-10 20:43:00",12.512
"2022-08-10 20:42:00",12.52
"2022-08-10 20:41:00",12.528
"2022-08-10 20:40:00",12.528
"2022-08-10 20:39:00",12.528
"2022-08-10 20:38:00",12.536
"2022-08-10 20:37:00",12.524
"2022-08-10 20:36:00",12.524
"2022-08-10 20:35:00",12.528
"2022-08-10 20:34:00",12.536
"2022-08-10 20:33:00",12.54
"2022-08-10 20:32:00",12.544
"2022-08-10 20:31:00",12.536
"2022-08-10 20:30:00",12.544
"2022-08-10 20:29:00",12.544
"2022-08-10 20:28:00",12.548
"2022-08-10 20:27:00",12.552
"2022-08-10 20:26:00",12.548
"2022-08-10 20:25:00",12.552
"2022-08-10 20:24:00",12.544
"2022-08-10 20:23:00",12.556
"2022-08-10 20:22:00",12.556
"2022-08-10 20:21:00",12.552
"2022-08-10 20:20:00",12.556
"2022-08-10 20:19:00",12.564
"2022-08-10 20:18:00",12.556
"2022-08-10 20:17:00",12.56
"2022-08-10 20:16:00",12.568
"2022-08-10 20:15:00",12.56
"2022-08-10 20:14:00",12.56
"2022-08-10 20:13:00",12.568
"2022-08-10 20:12:00",12.568
"2022-08-10 20:11:00",12.576
"2022-08-10 20:10:00",12.572
"2022-08-10 20:09:00",12.572
"2022-08-10 20:08:00",12.58
"2022-08-10 20:07:00",12.568
"2022-08-10 20:06:00",12.572
"2022-08-10 20:05:00",12.584
"2022-08-10 20:04:00",12.584
"2022-08-10 20:03:00",12.568
"2022-08-10 20:02:00",12.58
"2022-08-10 20:01:00",12.584
"2022-08-10 20:00:00",12.588
"2022-08-10 19:59:00",12.58
"2022-08-10 19:58:00",12.584
"2022-08-10 19:57:00",12.584
"2022-08-10 19:56:00",12.592
"2022-08-10 19:55:00",12.588
"2022-08-10 19:54:00",12.592
"2022-08-10 19:53:00",12.572
"2022-08-10 19:52:00",12.588
"2022-08-10 19:51:00",12.596
"2022-08-10 19:50:00",12.596
"2022-08-10 19:49:00",12.592
"2022-08-10 19:48:00",12.592
"2022-08-10 19:47:00",12.588
"2022-08-10 19:46:00",12.6
"2022-08-10 19:45:00",12.596
"2022-08-10 19:44:00",12.6
"2022-08-10 19:43:00",12.6
"2022-08-10 19:42:00",12.6
"2022-08-10 19:41:00",12.608
"2022-08-10 19:40:00",12.6
"2022-08-10 19:39:00",12.608
"2022-08-10 19:38:00",12.612
"2022-08-10 19:37:00",12.6
"2022-08-10 19:36:00",12.616
"2022-08-10 19:35:00",12.608
"2022-08-10 19:34:00",12.604
"2022-08-10 19:33:00",12.612
"2022-08-10 19:32:00",12.608
"2022-08-10 19:31:00",12.616
"2022-08-10 19:30:00",12.616
"2022-08-10 19:29:00",12.62
"2022-08-10 19:28:00",12.62
"2022-08-10 19:27:00",12.612
"2022-08-10 19:26:00",12.624
"2022-08-10 19:25:00",12.616
"2022-08-10 19:24:00",12.62
"2022-08-10 19:22:00",12.62
"2022-08-10 19:21:00",12.628
"2022-08-10 19:20:00",12.624
"2022-08-10 19:19:00",12.628
"2022-08-10 19:18:00",12.62
"2022-08-10 19:17:00",12.624
"2022-08-10 19:16:00",12.628
"2022-08-10 19:15:00",12.62
"2022-08-10 19:14:00",12.628
"2022-08-10 19:13:00",12.624
"2022-08-10 19:12:00",12.632
"2022-08-10 19:11:00",12.636
"2022-08-10 19:10:00",12.628
"2022-08-10 19:09:00",12.632
"2022-08-10 19:08:00",12.636
"2022-08-10 19:07:00",12.636
"2022-08-10 19:06:00",12.636
"2022-08-10 19:05:00",12.632
"2022-08-10 19:04:00",12.632
"2022-08-10 19:03:00",12.636
"2022-08-10 19:02:00",12.636
"2022-08-10 19:01:00",12.624
"2022-08-10 19:00:00",12.64
"2022-08-10 18:59:00",12.636
"2022-08-10 18:58:00",12.64
"2022-08-10 18:57:00",12.636
"2022-08-10 18:56:00",12.64
"2022-08-10 18:55:00",12.644
"2022-08-10 18:54:00",12.648
"2022-08-10 18:53:00",12.648
"2022-08-10 18:52:00",12.644
"2022-08-10 18:51:00",12.648
"2022-08-10 18:50:00",12.644
"2022-08-10 18:49:00",12.64
"2022-08-10 18:48:00",12.648
"2022-08-10 18:47:00",12.644
"2022-08-10 18:46:00",12.656
"2022-08-10 18:45:00",12.644
"2022-08-10 18:44:00",12.648
"2022-08-10 18:43:00",12.656
"2022-08-10 18:42:00",12.644
"2022-08-10 18:41:00",12.644
"2022-08-10 18:40:00",12.656
"2022-08-10 18:39:00",12.652
"2022-08-10 18:38:00",12.652
"2022-08-10 18:37:00",12.648
"2022-08-10 18:36:00",12.656
"2022-08-10 18:35:00",12.656
"2022-08-10 18:34:00",12.656
"2022-08-10 18:33:00",12.652
"2022-08-10 18:32:00",12.656
"2022-08-10 18:31:00",12.656
"2022-08-10 18:30:00",12.66
"2022-08-10 18:29:00",12.664
"2022-08-10 18:28:00",12.656
"2022-08-10 18:27:00",12.652
"2022-08-10 18:26:00",12.652
"2022-08-10 18:25:00",12.656
"2022-08-10 18:24:00",12.656
"2022-08-10 18:23:00",12.656
"2022-08-10 18:22:00",12.66
"2022-08-10 18:21:00",12.656
"2022-08-10 18:20:00",12.664
"2022-08-10 18:19:00",12.66
"2022-08-10 18:18:00",12.668
"2022-08-10 18:17:00",12.66
"2022-08-10 18:16:00",12.664
"2022-08-10 18:15:00",12.66
"2022-08-10 18:14:00",12.66
"2022-08-10 18:13:00",12.664
"2022-08-10 18:12:00",12.668
"2022-08-10 18:11:00",12.668
"2022-08-10 18:10:00",12.672
"2022-08-10 18:09:00",12.672
"2022-08-10 18:08:00",12.664
"2022-08-10 18:07:00",12.672
"2022-08-10 18:06:00",12.668
"2022-08-10 18:05:00",12.672
"2022-08-10 18:04:00",12.668
"2022-08-10 18:03:00",12.668
"2022-08-10 18:02:00",12.664
"2022-08-10 18:01:00",12.676
"2022-08-10 18:00:00",12.68
"2022-08-10 17:59:00",12.676
"2022-08-10 17:58:00",12.676
"2022-08-10 17:57:00",12.68
"2022-08-10 17:56:00",12.676
"2022-08-10 17:55:00",12.676
"2022-08-10 17:54:00",12.68
"2022-08-10 17:53:00",12.664
"2022-08-10 17:52:00",12.676
"2022-08-10 17:51:00",12.672
"2022-08-10 17:50:00",12.672
"2022-08-10 17:49:00",12.668
"2022-08-10 17:48:00",12.676
"2022-08-10 17:47:00",12.68
"2022-08-10 17:46:00",12.672
"2022-08-10 17:45:00",12.676
"2022-08-10 17:44:00",12.68
"2022-08-10 17:43:00",12.672
"2022-08-10 17:42:00",12.68
"2022-08-10 17:41:00",12.676
"2022-08-10 17:40:00",12.68
"2022-08-10 17:39:00",12.676
"2022-08-10 17:38:00",12.676
"2022-08-10 17:37:00",12.672
"2022-08-10 17:36:00",12.684
"2022-08-10 17:35:00",12.672
"2022-08-10 17:34:00",12.68
"2022-08-10 17:33:00",12.676
"2022-08-10 17:32:00",12.684
"2022-08-10 17:31:00",12.676
"2022-08-10 17:30:00",12.672
"2022-08-10 17:29:00",12.68
"2022-08-10 17:28:00",12.68
"2022-08-10 17:27:00",12.68
"2022-08-10 17:26:00",12.676
"2022-08-10 17:25:00",12.68
"2022-08-10 17:24:00",12.676
"2022-08-10 17:23:00",12.684
"2022-08-10 17:22:00",12.676
"2022-08-10 17:21:00",12.672
"2022-08-10 17:20:00",12.684
"2022-08-10 17:19:00",12.68
"2022-08-10 17:18:00",12.68
"2022-08-10 17:17:00",12.688
"2022-08-10 17:16:00",12.684
"2022-08-10 17:15:00",12.684
"2022-08-10 17:14:00",12.68
"2022-08-10 17:13:00",12.688
"2022-08-10 17:12:00",12.684
"2022-08-10 17:11:00",12.68
"2022-08-10 17:10:00",12.684
"2022-08-10 17:09:00",12.68
"2022-08-10 17:08:00",12.68
"2022-08-10 17:07:00",12.688
"2022-08-10 17:06:00",12.68
"2022-08-10 17:05:00",12.688
"2022-08-10 17:04:00",12.692
"2022-08-10 17:03:00",12.688
"2022-08-10 17:02:00",12.676
"2022-08-10 17:01:00",12.68
"2022-08-10 17:00:00",12.684
"2022-08-10 16:59:00",12.684
"2022-08-10 16:58:00",12.68
"2022-08-10 16:56:00",12.684
"2022-08-10 16:55:00",12.688
"2022-08-10 16:54:00",12.684
"2022-08-10 16:53:00",12.688
"2022-08-10 16:52:00",12.676
"2022-08-10 16:51:00",12.684
"2022-08-10 16:50:00",12.688
"2022-08-10 16:49:00",12.692
"2022-08-10 16:48:00",12.688
"2022-08-10 16:47:00",12.684
"2022-08-10 16:46:00",12.692
"2022-08-10 16:45:00",12.692
"2022-08-10 16:44:00",12.692
"2022-08-10 16:43:00",12.684
"2022-08-10 16:42:00",12.688
"2022-08-10 16:41:00",12.688
"2022-08-10 16:40:00",12.692
"2022-08-10 16:39:00",12.688
"2022-08-10 16:38:00",12.684
"2022-08-10 16:37:00",12.684
"2022-08-10 16:36:00",12.684
"2022-08-10 16:35:00",12.692
"2022-08-10 16:34:00",12.688
"2022-08-10 16:33:00",12.688
"2022-08-10 16:32:00",12.696
"2022-08-10 16:31:00",12.692
"2022-08-10 16:30:00",12.692
"2022-08-10 16:29:00",12.692
"2022-08-10 16:28:00",12.688
"2022-08-10 16:27:00",12.688
"2022-08-10 16:26:00",12.684
"2022-08-10 16:25:00",12.692
"2022-08-10 16:24:00",12.688
"2022-08-10 16:23:00",12.688
"2022-08-10 16:22:00",12.68
"2022-08-10 16:21:00",12.688
"2022-08-10 16:20:00",12.688
"2022-08-10 16:19:00",12.688
"2022-08-10 16:18:00",12.692
"2022-08-10 16:17:00",12.692
"2022-08-10 16:16:00",12.684
"2022-08-10 16:15:00",12.692
"2022-08-10 16:14:00",12.688
"2022-08-10 16:13:00",12.692
"2022-08-10 16:12:00",12.688
"2022-08-10 16:11:00",12.68
"2022-08-10 16:10:00",12.696
"2022-08-10 16:09:00",12.696
"2022-08-10 16:08:00",12.696
"2022-08-10 16:07:00",12.688
"2022-08-10 16:06:00",12.696
"2022-08-10 16:05:00",12.688
"2022-08-10 16:04:00",12.696
"2022-08-10 16:03:00",12.688
"2022-08-10 16:02:00",12.696
"2022-08-10 16:01:00",12.692
"2022-08-10 16:00:00",12.7
"2022-08-10 15:59:00",12.688
"2022-08-10 15:58:00",12.688
"2022-08-10 15:57:00",12.688
"2022-08-10 15:56:00",12.688
"2022-08-10 15:55:00",12.672
"2022-08-10 15:54:00",12.692
"2022-08-10 15:53:00",12.692
"2022-08-10 15:52:00",12.692
"2022-08-10 15:51:00",12.696
"2022-08-10 15:50:00",12.688
"2022-08-10 15:49:00",12.688
"2022-08-10 15:48:00",12.684
"2022-08-10 15:47:00",12.688
"2022-08-10 15:46:00",12.688
"2022-08-10 15:45:00",12.692
"2022-08-10 15:44:00",12.688
"2022-08-10 15:43:00",12.692
"2022-08-10 15:42:00",12.692
"2022-08-10 15:41:00",12.692
"2022-08-10 15:40:00",12.696
"2022-08-10 15:39:00",12.696
"2022-08-10 15:38:00",12.692
"2022-08-10 15:37:00",12.692
"2022-08-10 15:36:00",12.688
"2022-08-10 15:35:00",12.7
"2022-08-10 15:34:00",12.696
"2022-08-10 15:33:00",12.696
"2022-08-10 15:32:00",12.696
"2022-08-10 15:31:00",12.7
"2022-08-10 15:30:00",12.7
"2022-08-10 15:29:00",12.696
"2022-08-10 15:28:00",12.696
"2022-08-10 15:27:00",12.696
"2022-08-10 15:26:00",12.696
"2022-08-10 15:25:00",12.7
"2022-08-10 15:24:00",12.7
"2022-08-10 15:23:00",12.7
"2022-08-10 15:22:00",12.696
"2022-08-10 15:21:00",12.7
"2022-08-10 15:20:00",12.7
"2022-08-10 15:19:00",12.7
"2022-08-10 15:18:00",12.696
"2022-08-10 15:17:00",12.7
"2022-08-10 15:16:00",12.7
"2022-08-10 15:15:00",12.696
"2022-08-10 15:14:00",12.696
"2022-08-10 15:13:00",12.7
"2022-08-10 15:12:00",12.7
"2022-08-10 15:11:00",12.7
"2022-08-10 15:10:00",12.692
"2022-08-10 15:09:00",12.696
"2022-08-10 15:08:00",12.7
"2022-08-10 15:07:00",12.7
"2022-08-10 15:06:00",12.692
"2022-08-10 15:05:00",12.688
"2022-08-10 15:04:00",12.696
"2022-08-10 15:03:00",12.7
"2022-08-10 15:02:00",12.696
"2022-08-10 15:01:00",12.696
"2022-08-10 15:00:00",12.7
"2022-08-10 14:59:00",12.7
"2022-08-10 14:58:00",12.7
"2022-08-10 14:57:00",12.696
"2022-08-10 14:55:00",12.696
"2022-08-10 14:54:00",12.696
"2022-08-10 14:53:00",12.7
"2022-08-10 14:52:00",12.7
"2022-08-10 14:51:00",12.7
"2022-08-10 14:50:00",12.696
"2022-08-10 14:49:00",12.704
"2022-08-10 14:48:00",12.7
"2022-08-10 14:47:00",12.704
"2022-08-10 14:46:00",12.696
"2022-08-10 14:45:00",12.696
"2022-08-10 14:44:00",12.692
"2022-08-10 14:43:00",12.704
"2022-08-10 14:42:00",12.7
"2022-08-10 14:41:00",12.704
"2022-08-10 14:40:00",12.7
"2022-08-10 14:39:00",12.696
"2022-08-10 14:38:00",12.696
"2022-08-10 14:37:00",12.704
"2022-08-10 14:36:00",12.7
"2022-08-10 14:35:00",12.696
"2022-08-10 14:34:00",12.704
"2022-08-10 14:33:00",12.7
"2022-08-10 14:32:00",12.692
"2022-08-10 14:31:00",12.7
"2022-08-10 14:30:00",12.704
"2022-08-10 14:29:00",12.708
"2022-08-10 14:28:00",12.696
"2022-08-10 14:27:00",12.704
"2022-08-10 14:26:00",12.704
"2022-08-10 14:25:00",12.696
"2022-08-10 14:24:00",12.704
"2022-08-10 14:23:00",12.692
"2022-08-10 14:22:00",12.708
"2022-08-10 14:21:00",12.7
"2022-08-10 14:20:00",12.708
"2022-08-10 14:19:00",12.7
"2022-08-10 14:18:00",12.708
"2022-08-10 14:17:00",12.704
"2022-08-10 14:16:00",12.708
"2022-08-10 14:15:00",12.708
"2022-08-10 14:14:00",12.708
"2022-08-10 14:13:00",12.7
"2022-08-10 14:12:00",12.704
"2022-08-10 14:11:00",12.704
"2022-08-10 14:10:00",12.704
"2022-08-10 14:09:00",12.708
"2022-08-10 14:08:00",12.708
"2022-08-10 14:07:00",12.712
"2022-08-10 14:06:00",12.708
"2022-08-10 14:05:00",12.708
"2022-08-10 14:04:00",12.708
"2022-08-10 14:03:00",12.704
"2022-08-10 14:02:00",12.708
"2022-08-10 14:01:00",12.708
"2022-08-10 14:00:00",12.712
"2022-08-10 13:59:00",12.7
"2022-08-10 13:58:00",12.712
"2022-08-10 13:57:00",12.712
"2022-08-10 13:56:00",12.708
"2022-08-10 13:55:00",12.716
"2022-08-10 13:54:00",12.704
"2022-08-10 13:53:00",12.708
"2022-08-10 13:52:00",12.716
"2022-08-10 13:51:00",12.712
"2022-08-10 13:50:00",12.716
"2022-08-10 13:49:00",12.716
"2022-08-10 13:48:00",12.712
"2022-08-10 13:47:00",12.716
"2022-08-10 13:46:00",12.708
"2022-08-10 13:45:00",12.708
"2022-08-10 13:44:00",12.716
"2022-08-10 13:43:00",12.716
"2022-08-10 13:42:00",12.72
"2022-08-10 13:41:00",12.72
"2022-08-10 13:40:00",12.72
"2022-08-10 13:39:00",12.708
"2022-08-10 13:38:00",12.704
"2022-08-10 13:37:00",12.716
"2022-08-10 13:36:00",12.712
"2022-08-10 13:35:00",12.716
"2022-08-10 13:34:00",12.716
"2022-08-10 13:33:00",12.72
"2022-08-10 13:32:00",12.72
"2022-08-10 13:31:00",12.72
"2022-08-10 13:30:00",12.724
"2022-08-10 13:29:00",12.704
"2022-08-10 13:28:00",12.716
"2022-08-10 13:27:00",12.716
"2022-08-10 13:26:00",12.72
"2022-08-10 13:25:00",12.716
"2022-08-10 13:24:00",12.72
"2022-08-10 13:23:00",12.724
"2022-08-10 13:22:00",12.724
"2022-08-10 13:21:00",12.72
"2022-08-10 13:20:00",12.728
"2022-08-10 13:19:00",12.724
"2022-08-10 13:18:00",12.724
"2022-08-10 13:17:00",12.72
"2022-08-10 13:16:00",12.724
"2022-08-10 13:15:00",12.724
"2022-08-10 13:14:00",12.724
"2022-08-10 13:13:00",12.732
"2022-08-10 13:12:00",12.724
"2022-08-10 13:11:00",12.728
"2022-08-10 13:10:00",12.724
"2022-08-10 13:09:00",12.724
"2022-08-10 13:08:00",12.728
"2022-08-10 13:07:00",12.732
"2022-08-10 13:06:00",12.732
"2022-08-10 13:05:00",12.724
"2022-08-10 13:04:00",12.728
"2022-08-10 13:03:00",12.732
"2022-08-10 13:02:00",12.736
"2022-08-10 13:01:00",12.736
"2022-08-10 13:00:00",12.74
"2022-08-10 12:59:00",12.736
"2022-08-10 12:58:00",12.74
"2022-08-10 12:57:00",12.732
"2022-08-10 12:56:00",12.736
"2022-08-10 12:55:00",12.74
"2022-08-10 12:54:00",12.748
"2022-08-10 12:53:00",12.74
"2022-08-10 12:52:00",12.736
"2022-08-10 12:51:00",12.732
"2022-08-10 12:50:00",12.744
"2022-08-10 12:49:00",12.744
"2022-08-10 12:48:00",12.736
"2022-08-10 12:47:00",12.744
"2022-08-10 12:46:00",12.736
"2022-08-10 12:45:00",12.744
"2022-08-10 12:44:00",12.744
"2022-08-10 12:43:00",12.74
"2022-08-10 12:42:00",12.74
"2022-08-10 12:41:00",12.752
"2022-08-10 12:40:00",12.74
"2022-08-10 12:39:00",12.744
"2022-08-10 12:38:00",12.74
"2022-08-10 12:37:00",12.744
"2022-08-10 12:36:00",12.74
"2022-08-10 12:35:00",12.752
"2022-08-10 12:34:00",12.744
"2022-08-10 12:33:00",12.748
"2022-08-10 12:32:00",12.744
"2022-08-10 12:31:00",12.744
"2022-08-10 12:30:00",12.756
"2022-08-10 12:29:00",12.752
"2022-08-10 12:28:00",12.752
"2022-08-10 12:27:00",12.744
"2022-08-10 12:26:00",12.744
"2022-08-10 12:25:00",12.744
"2022-08-10 12:24:00",12.756
"2022-08-10 12:23:00",12.74
"2022-08-10 12:22:00",12.756
"2022-08-10 12:21:00",12.752
"2022-08-10 12:20:00",12.752
"2022-08-10 12:19:00",12.756
"2022-08-10 12:18:00",12.76
"2022-08-10 12:17:00",12.756
"2022-08-10 12:16:00",12.752
"2022-08-10 12:15:00",12.748
"2022-08-10 12:14:00",12.756
"2022-08-10 12:13:00",12.756
"2022-08-10 12:12:00",12.756
"2022-08-10 12:11:00",12.756
"2022-08-10 12:10:00",12.76
"2022-08-10 12:09:00",12.752
"2022-08-10 12:08:00",12.756
"2022-08-10 12:07:00",12.764
"2022-08-10 12:06:00",12.76
"2022-08-10 12:04:00",12.756
"2022-08-10 12:03:00",12.764
"2022-08-10 12:02:00",12.764
"2022-08-10 12:01:00",12.76
"2022-08-10 12:00:00",12.756
"2022-08-10 11:59:00",12.76
"2022-08-10 11:58:00",12.764
"2022-08-10 11:57:00",12.756
"2022-08-10 11:56:00",12.76
"2022-08-10 11:55:00",12.768
"2022-08-10 11:54:00",12.764
"2022-08-10 11:53:00",12.768
"2022-08-10 11:52:00",12.76
"2022-08-10 11:51:00",12.768
"2022-08-10 11:50:00",12.764
"2022-08-10 11:49:00",12.772
"2022-08-10 11:48:00",12.764
"2022-08-10 11:47:00",12.768
"2022-08-10 11:46:00",12.772
"2022-08-10 11:45:00",12.776
"2022-08-10 11:44:00",12.772
"2022-08-10 11:43:00",12.772
"2022-08-10 11:42:00",12.768
"2022-08-10 11:41:00",12.776
"2022-08-10 11:40:00",12.764
"2022-08-10 11:39:00",12.768
"2022-08-10 11:38:00",12.768
"2022-08-10 11:37:00",12.776
"2022-08-10 11:36:00",12.768
"2022-08-10 11:35:00",12.768
"2022-08-10 11:34:00",12.772
"2022-08-10 11:33:00",12.768
"2022-08-10 11:32:00",12.78
"2022-08-10 11:31:00",12.768
"2022-08-10 11:30:00",12.78
"2022-08-10 11:29:00",12.78
"2022-08-10 11:28:00",12.78
"2022-08-10 11:27:00",12.772
"2022-08-10 11:26:00",12.784
"2022-08-10 11:25:00",12.772
"2022-08-10 11:24:00",12.776
"2022-08-10 11:23:00",12.776
"2022-08-10 11:22:00",12.776
"2022-08-10 11:21:00",12.776
"2022-08-10 11:20:00",12.784
"2022-08-10 11:19:00",12.784
"2022-08-10 11:18:00",12.78
"2022-08-10 11:17:00",12.78
"2022-08-10 11:16:00",12.788
"2022-08-10 11:15:00",12.78
"2022-08-10 11:14:00",12.788
"2022-08-10 11:13:00",12.788
"2022-08-10 11:12:00",12.78
"2022-08-10 11:11:00",12.792
"2022-08-10 11:10:00",12.788
"2022-08-10 11:09:00",12.788
"2022-08-10 11:08:00",12.788
"2022-08-10 11:07:00",12.788
"2022-08-10 11:06:00",12.784
"2022-08-10 11:05:00",12.792
"2022-08-10 11:04:00",12.788
"2022-08-10 11:03:00",12.792
"2022-08-10 11:02:00",12.788
"2022-08-10 11:01:00",12.784
"2022-08-10 11:00:00",12.788
"2022-08-10 10:59:00",12.78
"2022-08-10 10:58:00",12.788
"2022-08-10 10:57:00",12.792
"2022-08-10 10:56:00",12.796
"2022-08-10 10:55:00",12.792
"2022-08-10 10:54:00",12.8
"2022-08-10 10:53:00",12.788
"2022-08-10 10:52:00",12.788
"2022-08-10 10:51:00",12.796
"2022-08-10 10:50:00",12.796
"2022-08-10 10:49:00",12.8
"2022-08-10 10:48:00",12.8
"2022-08-10 10:47:00",12.8
"2022-08-10 10:46:00",12.8
"2022-08-10 10:45:00",12.8
"2022-08-10 10:44:00",12.8
"2022-08-10 10:43:00",12.808
"2022-08-10 10:42:00",12.804
"2022-08-10 10:41:00",12.808
"2022-08-10 10:40:00",12.808
"2022-08-10 10:39:00",12.804
"2022-08-10 10:38:00",12.812
"2022-08-10 10:37:00",12.796
"2022-08-10 10:36:00",12.804
"2022-08-10 10:35:00",12.8
"2022-08-10 10:34:00",12.8
"2022-08-10 10:33:00",12.808
"2022-08-10 10:32:00",12.808
"2022-08-10 10:31:00",12.808
"2022-08-10 10:30:00",12.808
"2022-08-10 10:29:00",12.804
"2022-08-10 10:28:00",12.8
"2022-08-10 10:27:00",12.816
"2022-08-10 10:26:00",12.8
"2022-08-10 10:25:00",12.812
"2022-08-10 10:24:00",12.812
"2022-08-10 10:23:00",12.816
"2022-08-10 10:22:00",12.812
"2022-08-10 10:21:00",12.82
"2022-08-10 10:20:00",12.812
"2022-08-10 10:19:00",12.816
"2022-08-10 10:18:00",12.816
"2022-08-10 10:17:00",12.812
"2022-08-10 10:16:00",12.824
"2022-08-10 10:15:00",12.812
"2022-08-10 10:14:00",12.816
"2022-08-10 10:13:00",12.816
"2022-08-10 10:12:00",12.812
"2022-08-10 10:11:00",12.808
"2022-08-10 10:10:00",12.82
"2022-08-10 10:09:00",12.828
"2022-08-10 10:08:00",12.82
"2022-08-10 10:07:00",12.816
"2022-08-10 10:06:00",12.82
"2022-08-10 10:05:00",12.832
"2022-08-10 10:04:00",12.82
"2022-08-10 10:03:00",12.828
"2022-08-10 10:02:00",12.824
"2022-08-10 10:01:00",12.816
"2022-08-10 10:00:00",12.828
"2022-08-10 09:59:00",12.828
"2022-08-10 09:58:00",12.832
"2022-08-10 09:57:00",12.824
"2022-08-10 09:56:00",12.832
"2022-08-10 09:55:00",12.82
"2022-08-10 09:54:00",12.832
"2022-08-10 09:53:00",12.836
"2022-08-10 09:52:00",12.832
"2022-08-10 09:51:00",12.828
"2022-08-10 09:50:00",12.828
"2022-08-10 09:49:00",12.828
"2022-08-10 09:48:00",12.832
"2022-08-10 09:47:00",12.828
"2022-08-10 09:46:00",12.836
"2022-08-10 09:45:00",12.828
"2022-08-10 09:44:00",12.84
"2022-08-10 09:43:00",12.832
"2022-08-10 09:42:00",12.828
"2022-08-10 09:41:00",12.828
"2022-08-10 09:40:00",12.836
"2022-08-10 09:39:00",12.836
"2022-08-10 09:38:00",12.84
"2022-08-10 09:37:00",12.84
"2022-08-10 09:36:00",12.84
"2022-08-10 09:35:00",12.836
"2022-08-10 09:34:00",12.844
"2022-08-10 09:33:00",12.844
"2022-08-10 09:32:00",12.844
"2022-08-10 09:31:00",12.848
"2022-08-10 09:30:00",12.844
"2022-08-10 09:29:00",12.84
"2022-08-10 09:28:00",12.844
"2022-08-10 09:27:00",12.844
"2022-08-10 09:26:00",12.84
"2022-08-10 09:25:00",12.84
"2022-08-10 09:24:00",12.84
"2022-08-10 09:23:00",12.844
"2022-08-10 09:22:00",12.84
"2022-08-10 09:21:00",12.844
"2022-08-10 09:20:00",12.84
"2022-08-10 09:19:00",12.848
"2022-08-10 09:18:00",12.848
"2022-08-10 09:17:00",12.844
"2022-08-10 09:15:00",12.852
"2022-08-10 09:14:00",12.852
"2022-08-10 09:13:00",12.848
"2022-08-10 09:12:00",12.844
"2022-08-10 09:11:00",12.848
"2022-08-10 09:10:00",12.852
"2022-08-10 09:09:00",12.856
"2022-08-10 09:08:00",12.844
"2022-08-10 09:07:00",12.852
"2022-08-10 09:06:00",12.852
"2022-08-10 09:05:00",12.852
"2022-08-10 09:04:00",12.852
"2022-08-10 09:03:00",12.852
"2022-08-10 09:02:00",12.852
"2022-08-10 09:01:00",12.844
"2022-08-10 09:00:00",12.848
"2022-08-10 08:59:00",12.852
"2022-08-10 08:58:00",12.848
"2022-08-10 08:57:00",12.864
"2022-08-10 08:56:00",12.864
"2022-08-10 08:55:00",12.864
"2022-08-10 08:54:00",12.848
"2022-08-10 08:53:00",12.86
"2022-08-10 08:52:00",12.856
"2022-08-10 08:51:00",12.856
"2022-08-10 08:50:00",12.856
"2022-08-10 08:49:00",12.864
"2022-08-10 08:48:00",12.864
"2022-08-10 08:47:00",12.864
"2022-08-10 08:46:00",12.848
"2022-08-10 08:45:00",12.852
"2022-08-10 08:44:00",12.848
"2022-08-10 08:43:00",12.856
"2022-08-10 08:42:00",12.864
"2022-08-10 08:41:00",12.852
"2022-08-10 08:40:00",12.848
"2022-08-10 08:39:00",12.856
"2022-08-10 08:38:00",12.86
"2022-08-10 08:37:00",12.868
"2022-08-10 08:36:00",12.86
"2022-08-10 08:35:00",12.852
"2022-08-10 08:34:00",12.868
"2022-08-10 08:33:00",12.868
"2022-08-10 08:32:00",12.864
"2022-08-10 08:31:00",12.856
"2022-08-10 08:30:00",12.856
"2022-08-10 08:29:00",12.856
"2022-08-10 08:28:00",12.868
"2022-08-10 08:27:00",12.864
"2022-08-10 08:26:00",12.868
"2022-08-10 08:25:00",12.852
"2022-08-10 08:24:00",12.856
"2022-08-10 08:23:00",12.86
"2022-08-10 08:22:00",12.864
"2022-08-10 08:21:00",12.86
"2022-08-10 08:20:00",12.86
"2022-08-10 08:19:00",12.864
"2022-08-10 08:18:00",12.864
"2022-08-10 08:17:00",12.856
"2022-08-10 08:16:00",12.86
"2022-08-10 08:15:00",12.86
"2022-08-10 08:14:00",12.864
"2022-08-10 08:13:00",12.864
"2022-08-10 08:12:00",12.864
"2022-08-10 08:11:00",12.86
"2022-08-10 08:10:00",12.864
"2022-08-10 08:09:00",12.864
"2022-08-10 08:08:00",12.868
"2022-08-10 08:07:00",12.868
"2022-08-10 08:06:00",12.864
"2022-08-10 08:05:00",12.868
"2022-08-10 08:04:00",12.868
"2022-08-10 08:03:00",12.864
"2022-08-10 08:02:00",12.864
"2022-08-10 08:01:00",12.872
"2022-08-10 08:00:00",12.872
"2022-08-10 07:59:00",12.868
"2022-08-10 07:58:00",12.872
"2022-08-10 07:57:00",12.872
"2022-08-10 07:56:00",12.872
"2022-08-10 07:55:00",12.868
"2022-08-10 07:54:00",12.868
"2022-08-10 07:53:00",12.868
"2022-08-10 07:52:00",12.872
"2022-08-10 07:51:00",12.868
"2022-08-10 07:50:00",12.872
"2022-08-10 07:49:00",12.868
"2022-08-10 07:48:00",12.872
"2022-08-10 07:47:00",12.876
"2022-08-10 07:46:00",12.88
"2022-08-10 07:45:00",12.88
"2022-08-10 07:44:00",12.876
"2022-08-10 07:43:00",12.872
"2022-08-10 07:42:00",12.876
"2022-08-10 07:41:00",12.872
"2022-08-10 07:40:00",12.872
"2022-08-10 07:39:00",12.872
"2022-08-10 07:38:00",12.884
"2022-08-10 07:37:00",12.872
"2022-08-10 07:36:00",12.876
"2022-08-10 07:35:00",12.88
"2022-08-10 07:34:00",12.868
"2022-08-10 07:33:00",12.872
"2022-08-10 07:32:00",12.88
"2022-08-10 07:31:00",12.88
"2022-08-10 07:30:00",12.88
"2022-08-10 07:29:00",12.88
"2022-08-10 07:28:00",12.888
"2022-08-10 07:27:00",12.88
"2022-08-10 07:26:00",12.876
"2022-08-10 07:25:00",12.876
"2022-08-10 07:24:00",12.88
"2022-08-10 07:23:00",12.876
"2022-08-10 07:22:00",12.884
"2022-08-10 07:21:00",12.888
"2022-08-10 07:20:00",12.88
"2022-08-10 07:19:00",12.884
"2022-08-10 07:18:00",12.884
"2022-08-10 07:17:00",12.896
"2022-08-10 07:16:00",12.888
"2022-08-10 07:15:00",12.888
"2022-08-10 07:14:00",12.88
"2022-08-10 07:13:00",12.892