created,d1,d2,d3,d4,d5,d6,d7,d8,cmnt
8/3/2022, 5:49:28 PM.335,,,,,,,,
8/3/2022, 5:49:38 PM.765,,,,,,,,
8/3/2022, 5:49:48 PM.890,,,,,,,,
8/3/2022, 5:49:59 PM.96,,,,,,,,
8/3/2022, 5:50:09 PM.214,,,,,,,,
8/3/2022, 5:50:19 PM.334,,,,,,,,
8/3/2022, 5:50:29 PM.467,,,,,,,,
8/3/2022, 5:50:39 PM.587,,,,,,,,
8/3/2022, 5:50:49 PM.707,,,,,,,,
8/3/2022, 5:50:59 PM.825,,,,,,,,
8/3/2022, 5:51:09 PM.950,,,,,,,,
8/3/2022, 5:51:20 PM.85,,,,,,,,
8/3/2022, 5:51:30 PM.233,,,,,,,,
8/3/2022, 5:51:40 PM.389,,,,,,,,
8/3/2022, 5:52:35 PM.118,0.008,-0.09756097560975609,0,0,,,,
8/3/2022, 5:52:45 PM.269,0.008,-0.09756097560975609,0,-0.01,,,,
8/3/2022, 5:52:55 PM.508,0.008,0,0,-0.01,,,,
8/3/2022, 5:53:05 PM.669,0.008,-0.09756097560975609,0,-0.01,,,,
8/3/2022, 5:53:15 PM.832,0.004,-0.09756097560975609,0,-0.01,,,,
8/3/2022, 5:53:25 PM.989,0.008,0,0,-0.01,,,,
8/3/2022, 5:53:36 PM.148,0.408,1020.0975609756098,415.60975609756093,102.02,,,,
8/3/2022, 5:53:46 PM.311,0.424,1046.4878048780486,443.9024390243902,104.66,,,,
8/3/2022, 5:53:56 PM.468,0.42,1030.7804878048778,433.17073170731703,103.11,,,,
8/3/2022, 5:54:06 PM.633,0.392,967.8048780487804,378.5365853658536,96.79,,,,
8/3/2022, 5:54:16 PM.791,0.392,959.1219512195122,375.60975609756093,95.9,,,,
8/3/2022, 5:54:26 PM.953,0.404,996.4878048780487,405.8536585365853,99.64,,,,
8/3/2022, 5:54:37 PM.112,0.4,973.1219512195121,390.24390243902434,97.33,,,,
8/3/2022, 5:54:47 PM.276,0.392,958.4878048780488,375.60975609756093,95.85000000000001,,,,
8/3/2022, 5:54:57 PM.433,0.396,962.7317073170732,385.36585365853654,96.27,,,,
8/3/2022, 5:55:07 PM.591,0.392,959.3170731707316,375.60975609756093,95.94,,,,
8/3/2022, 5:55:17 PM.749,0.396,957.4146341463414,375.60975609756093,95.74000000000001,,,,
8/3/2022, 5:55:27 PM.915,0.392,948.1951219512194,367.80487804878044,94.84,,,,
8/3/2022, 5:55:38 PM.73,0.392,951.2195121951219,372.68292682926824,95.11,,,,
8/3/2022, 5:55:48 PM.228,0.384,941.0243902439024,360.97560975609747,94.10000000000001,,,,
8/3/2022, 5:55:58 PM.392,0.38,921.0243902439024,350.2439024390244,92.08,,,,
8/3/2022, 5:56:08 PM.554,0.388,939.4146341463414,364.87804878048775,93.95,,,,
8/3/2022, 5:56:18 PM.710,0.384,939.1219512195121,360.97560975609747,93.92,,,,
8/3/2022, 5:56:28 PM.847,0.364,900.1951219512194,333.6585365853658,90.02,,,,
8/3/2022, 5:56:39 PM.28,0.38,928.6341463414634,353.17073170731703,92.88,,,,
8/3/2022, 5:56:49 PM.189,0.384,931.5121951219512,353.17073170731703,93.18,,,,
8/3/2022, 5:56:59 PM.349,0.384,927.2195121951219,351.2195121951219,92.73,,,,
8/3/2022, 5:57:09 PM.512,0.38,928.4878048780487,353.17073170731703,92.85000000000001,,,,
8/3/2022, 5:57:19 PM.669,0.38,926.8292682926829,351.2195121951219,92.7,,,,
8/3/2022, 5:57:29 PM.830,0.38,923.6097560975609,351.2195121951219,92.38,,,,
8/3/2022, 5:57:39 PM.971,0.38,923.9999999999999,351.2195121951219,92.41,,,,
8/3/2022, 5:57:50 PM.148,0.38,924.390243902439,351.2195121951219,92.45,,,,
8/3/2022, 5:58:00 PM.552,0.38,924.7317073170731,351.2195121951219,92.48,,,,
8/3/2022, 5:58:10 PM.773,0.38,924.390243902439,351.2195121951219,92.47,,,,
8/3/2022, 5:58:20 PM.923,0.38,925.4146341463414,351.2195121951219,92.55,,,,
8/3/2022, 5:58:31 PM.54,0.38,926.2926829268292,351.2195121951219,92.65,,,,
8/3/2022, 5:58:41 PM.244,0.38,926.2926829268292,351.2195121951219,92.63,,,,
8/3/2022, 5:58:51 PM.379,0.38,926.4878048780487,351.2195121951219,92.64,,,,
8/3/2022, 5:59:01 PM.589,0.384,925.9999999999999,351.2195121951219,92.61,,,,
8/3/2022, 5:59:11 PM.834,0.38,925.8048780487804,351.2195121951219,92.61,,,,
8/3/2022, 5:59:21 PM.990,0.38,925.8048780487804,348.29268292682923,92.59,,,,
8/3/2022, 5:59:32 PM.228,0.38,924.8292682926829,351.2195121951219,92.47,,,,
8/3/2022, 5:59:42 PM.400,0.38,923.9999999999999,351.2195121951219,92.41,,,,
8/3/2022, 5:59:52 PM.527,0.38,921.1219512195121,350.2439024390244,92.12,,,,
8/3/2022, 6:00:02 PM.746,0.376,917.9999999999999,348.29268292682923,91.81,,,,
8/3/2022, 6:00:12 PM.934,0.376,915.7073170731707,343.4146341463414,91.57000000000001,,,,
8/3/2022, 6:00:23 PM.89,0.376,915.8048780487804,343.4146341463414,91.61,,,,
8/3/2022, 6:00:33 PM.227,0.376,916.3902439024389,345.36585365853654,91.64,,,,
8/3/2022, 6:00:43 PM.363,0.376,917.6097560975609,348.29268292682923,91.77,,,,
8/3/2022, 6:00:53 PM.490,0.376,915.9024390243902,343.4146341463414,91.62,,,,
8/3/2022, 6:01:03 PM.672,0.376,912.8292682926829,343.4146341463414,91.3,,,,
8/3/2022, 6:01:13 PM.833,0.376,913.2195121951219,343.4146341463414,91.32000000000001,,,,
8/3/2022, 6:01:23 PM.999,0.376,913.0243902439024,340.48780487804873,91.32000000000001,,,,
8/3/2022, 6:01:34 PM.150,0.376,912.9268292682926,343.4146341463414,91.29,,,,
8/3/2022, 6:01:44 PM.309,0.372,912.5365853658536,343.4146341463414,91.28,,,,
8/3/2022, 6:01:54 PM.549,0.376,912.2926829268292,343.4146341463414,91.24,,,,
8/3/2022, 6:02:04 PM.712,0.376,911.5121951219511,338.5365853658536,91.15,,,,
8/3/2022, 6:02:15 PM.36,0.376,911.7073170731707,342.4390243902439,91.17,,,,
8/3/2022, 6:02:25 PM.188,0.376,912.1951219512194,343.4146341463414,91.23,,,,
8/3/2022, 6:02:35 PM.364,0.376,912.1951219512194,343.4146341463414,91.23,,,,
8/3/2022, 6:02:45 PM.511,0.376,912.1951219512194,343.4146341463414,91.23,,,,
8/3/2022, 6:02:55 PM.670,0.376,912.1951219512194,343.4146341463414,91.23,,,,
8/3/2022, 6:03:05 PM.830,0.372,907.5121951219511,337.56097560975604,90.77,,,,
8/3/2022, 6:03:16 PM.75,0.372,909.4146341463414,338.5365853658536,90.95,,,,
8/3/2022, 6:03:26 PM.228,0.376,909.6097560975609,338.5365853658536,90.98,,,,
8/3/2022, 6:03:36 PM.388,0.376,909.5121951219511,342.4390243902439,90.95,,,,
8/3/2022, 6:03:46 PM.553,0.372,907.9024390243901,337.56097560975604,90.81,,,,
8/3/2022, 6:03:56 PM.683,0.376,908.7317073170731,342.4390243902439,90.87,,,,
8/3/2022, 6:04:06 PM.871,0.376,909.2195121951219,342.4390243902439,90.92,,,,
8/3/2022, 6:04:17 PM.28,0.372,910.1951219512194,338.5365853658536,91.02,,,,
8/3/2022, 6:04:27 PM.191,0.376,911.1219512195121,338.5365853658536,91.11,,,,
8/3/2022, 6:04:37 PM.356,0.376,911.2195121951219,342.4390243902439,91.14,,,,
8/3/2022, 6:04:47 PM.589,0.372,910.9268292682926,342.4390243902439,91.09,,,,
8/3/2022, 6:04:57 PM.750,0.376,910.7317073170731,338.5365853658536,91.06,,,,
8/3/2022, 6:05:07 PM.919,0.376,910.0975609756097,342.4390243902439,91.01,,,,
8/3/2022, 6:05:18 PM.83,0.376,909.5121951219511,342.4390243902439,90.96000000000001,,,,
8/3/2022, 6:05:28 PM.228,0.376,909.3170731707316,342.4390243902439,90.94,,,,
8/3/2022, 6:05:38 PM.388,0.376,909.0243902439023,342.4390243902439,90.9,,,,
8/3/2022, 6:05:48 PM.551,0.372,908.1951219512194,337.56097560975604,90.83,,,,
8/3/2022, 6:05:58 PM.709,0.376,907.9999999999999,342.4390243902439,90.82000000000001,,,,
8/3/2022, 6:06:08 PM.868,0.376,907.8048780487804,337.56097560975604,90.78,,,,
8/3/2022, 6:06:19 PM.30,0.372,907.6097560975609,337.56097560975604,90.79,,,,
8/3/2022, 6:06:29 PM.269,0.376,907.5121951219511,337.56097560975604,90.77,,,,
8/3/2022, 6:06:39 PM.431,0.376,907.1219512195121,337.56097560975604,90.71000000000001,,,,
8/3/2022, 6:06:49 PM.589,0.372,906.8292682926829,337.56097560975604,90.7,,,,
8/3/2022, 6:06:59 PM.748,0.372,906.6341463414633,337.56097560975604,90.68,,,,
8/3/2022, 6:07:09 PM.908,0.372,906.0975609756097,337.56097560975604,90.63,,,,
8/3/2022, 6:07:20 PM.68,0.372,905.9999999999999,337.56097560975604,90.60000000000001,,,,
8/3/2022, 6:07:30 PM.229,0.372,905.9999999999999,337.56097560975604,90.61,,,,
8/3/2022, 6:07:40 PM.390,0.376,905.8048780487804,340.48780487804873,90.57000000000001,,,,
8/3/2022, 6:07:50 PM.549,0.372,905.4146341463414,337.56097560975604,90.55,,,,
8/3/2022, 6:08:00 PM.715,0.372,905.3170731707316,337.56097560975604,90.55,,,,
8/3/2022, 6:08:11 PM.7,0.372,905.8048780487804,340.48780487804873,90.59,,,,
8/3/2022, 6:08:21 PM.143,0.372,905.6097560975609,337.56097560975604,90.57000000000001,,,,
8/3/2022, 6:08:31 PM.350,0.372,907.0243902439023,337.56097560975604,90.7,,,,
8/3/2022, 6:08:41 PM.593,0.376,906.9268292682926,337.56097560975604,90.71000000000001,,,,
8/3/2022, 6:08:51 PM.748,0.372,906.7317073170731,337.56097560975604,90.7,,,,
8/3/2022, 6:09:01 PM.913,0.376,906.2926829268292,337.56097560975604,90.64,,,,
8/3/2022, 6:09:12 PM.69,0.372,905.8048780487804,337.56097560975604,90.59,,,,
8/3/2022, 6:09:22 PM.228,0.372,905.3170731707316,337.56097560975604,90.55,,,,
8/3/2022, 6:09:32 PM.358,0.372,904.8292682926829,337.56097560975604,90.47,,,,
8/3/2022, 6:09:42 PM.519,0.372,903.7073170731707,335.60975609756093,90.4,,,,
8/3/2022, 6:09:52 PM.653,0.372,903.1219512195121,332.68292682926824,90.3,,,,
8/3/2022, 6:10:02 PM.816,0.372,902.5365853658536,335.60975609756093,90.28,,,,
8/3/2022, 6:10:12 PM.981,0.368,901.8048780487804,335.60975609756093,90.18,,,,
8/3/2022, 6:10:23 PM.110,0.372,901.0243902439023,335.60975609756093,90.12,,,,
8/3/2022, 6:10:33 PM.282,0.372,900.0975609756097,333.6585365853658,90.03,,,,
8/3/2022, 6:10:43 PM.419,0.372,899.0243902439023,333.6585365853658,89.92,,,,
8/3/2022, 6:10:53 PM.551,0.372,898.2926829268292,330.73170731707313,89.86,,,,
8/3/2022, 6:11:03 PM.683,0.368,897.6097560975609,333.6585365853658,89.76,,,,
8/3/2022, 6:11:13 PM.831,0.368,896.5365853658535,329.75609756097555,89.68,,,,
8/3/2022, 6:11:23 PM.994,0.368,895.4146341463413,329.75609756097555,89.55,,,,
8/3/2022, 6:11:34 PM.148,0.368,894.1951219512194,329.75609756097555,89.41,,,,
8/3/2022, 6:11:44 PM.309,0.368,892.7317073170731,329.75609756097555,89.29,,,,
8/3/2022, 6:11:54 PM.475,0.368,891.7073170731707,324.87804878048775,89.18,,,,
8/3/2022, 6:12:04 PM.628,0.368,890.4390243902438,324.87804878048775,89.05,,,,
8/3/2022, 6:12:14 PM.789,0.368,889.3170731707316,324.87804878048775,88.95,,,,
8/3/2022, 6:12:24 PM.951,0.364,888.7317073170731,327.80487804878044,88.87,,,,
8/3/2022, 6:12:35 PM.108,0.364,887.4146341463413,322.92682926829264,88.75,,,,
8/3/2022, 6:12:45 PM.271,0.368,885.8048780487804,322.92682926829264,88.59,,,,
8/3/2022, 6:12:55 PM.509,0.364,884.4390243902438,320.9756097560975,88.46000000000001,,,,
8/3/2022, 6:13:05 PM.674,0.364,883.1219512195121,318.04878048780483,88.33,,,,
8/3/2022, 6:13:15 PM.829,0.364,882.1951219512194,320.9756097560975,88.22,,,,
8/3/2022, 6:13:26 PM.6,0.36,881.2195121951219,316.0975609756097,88.13,,,,
8/3/2022, 6:13:36 PM.310,0.364,880.1951219512194,319.99999999999994,88.03,,,,
8/3/2022, 6:13:46 PM.470,0.36,878.8292682926829,316.0975609756097,87.88,,,,
8/3/2022, 6:13:56 PM.631,0.364,877.4146341463413,316.0975609756097,87.74,,,,
8/3/2022, 6:14:06 PM.791,0.36,875.9999999999999,319.99999999999994,87.60000000000001,,,,
8/3/2022, 6:14:16 PM.950,0.36,874.8292682926829,315.12195121951214,87.48,,,,
8/3/2022, 6:14:27 PM.110,0.36,873.0243902439023,315.12195121951214,87.3,,,,
8/3/2022, 6:14:37 PM.269,0.356,870.3414634146341,313.17073170731703,87.05,,,,
8/3/2022, 6:14:47 PM.429,0.356,868.1951219512194,308.29268292682923,86.83,,,,
8/3/2022, 6:14:57 PM.592,0.356,866.1951219512194,308.29268292682923,86.62,,,,
8/3/2022, 6:15:07 PM.751,0.356,864.1951219512193,308.29268292682923,86.42,,,,
8/3/2022, 6:15:17 PM.910,0.356,862.6341463414633,307.31707317073165,86.27,,,,
8/3/2022, 6:15:28 PM.68,0.352,861.2195121951219,307.31707317073165,86.14,,,,
8/3/2022, 6:15:38 PM.308,0.352,858.3414634146341,302.4390243902439,85.85000000000001,,,,
8/3/2022, 6:15:48 PM.470,0.356,855.8048780487804,300.4878048780488,85.59,,,,
8/3/2022, 6:15:58 PM.630,0.348,854.4390243902438,297.5609756097561,85.46000000000001,,,,
8/3/2022, 6:16:08 PM.788,0.352,853.7073170731707,300.4878048780488,85.37,,,,
8/3/2022, 6:16:18 PM.948,0.352,852.9268292682926,300.4878048780488,85.31,,,,
8/3/2022, 6:16:29 PM.110,0.352,852.1951219512194,300.4878048780488,85.23,,,,
8/3/2022, 6:16:39 PM.269,0.352,852.0975609756098,297.5609756097561,85.21000000000001,,,,
8/3/2022, 6:16:57 PM.429,0.352,853.3170731707316,297.5609756097561,85.32000000000001,,,,
8/3/2022, 6:17:07 PM.593,0.348,852.6341463414634,297.5609756097561,85.28,,,,
8/3/2022, 6:17:17 PM.735,0.348,851.7073170731707,300.4878048780488,85.19,,,,
8/3/2022, 6:17:27 PM.908,0.348,851.219512195122,298.5365853658536,85.12,,,,
8/3/2022, 6:17:38 PM.69,0.352,850.6341463414634,295.60975609756093,85.08,,,,
8/3/2022, 6:17:48 PM.203,0.348,850.1951219512194,295.60975609756093,85.02,,,,
8/3/2022, 6:17:58 PM.331,0.348,849.4146341463414,295.60975609756093,84.96000000000001,,,,
8/3/2022, 6:18:08 PM.553,0.348,848.9268292682926,295.60975609756093,84.91,,,,
8/3/2022, 6:18:18 PM.684,0.348,848.6341463414634,295.60975609756093,84.87,,,,
8/3/2022, 6:18:28 PM.872,0.352,848.1951219512194,295.60975609756093,84.83,,,,
8/3/2022, 6:18:39 PM.31,0.352,847.8048780487804,295.60975609756093,84.8,,,,
8/3/2022, 6:18:49 PM.195,0.348,847.5121951219512,295.60975609756093,84.75,,,,
8/3/2022, 6:18:59 PM.350,0.352,846.9268292682926,293.6585365853658,84.7,,,,
8/3/2022, 6:19:09 PM.511,0.352,846.4390243902438,293.6585365853658,84.65,,,,
8/3/2022, 6:19:19 PM.653,0.348,845.8048780487804,290.73170731707313,84.59,,,,
8/3/2022, 6:19:29 PM.787,0.348,845.4146341463414,293.6585365853658,84.55,,,,
8/3/2022, 6:19:39 PM.921,0.348,844.8292682926829,293.6585365853658,84.49,,,,
8/3/2022, 6:19:50 PM.56,0.348,844.0975609756098,293.6585365853658,84.43,,,,
8/3/2022, 6:20:00 PM.210,0.348,843.609756097561,290.73170731707313,84.37,,,,
8/3/2022, 6:20:10 PM.346,0.344,843.1219512195122,293.6585365853658,84.32000000000001,,,,
8/3/2022, 6:20:20 PM.475,0.348,842.4390243902438,292.6829268292683,84.25,,,,
8/3/2022, 6:20:30 PM.611,0.344,841.4146341463414,289.7560975609756,84.16,,,,
8/3/2022, 6:20:40 PM.755,0.344,840.4390243902438,289.7560975609756,84.04,,,,
8/3/2022, 6:20:50 PM.903,0.344,840.3414634146341,289.7560975609756,84.04,,,,
8/3/2022, 6:21:01 PM.31,0.344,840.4390243902438,289.7560975609756,84.05,,,,
8/3/2022, 6:21:11 PM.188,0.344,839.4146341463414,292.6829268292683,83.96000000000001,,,,
8/3/2022, 6:21:21 PM.348,0.344,839.0243902439024,289.7560975609756,83.9,,,,
8/3/2022, 6:21:31 PM.509,0.344,838.2439024390244,287.80487804878044,83.83,,,,
8/3/2022, 6:21:41 PM.668,0.344,838,287.80487804878044,83.81,,,,
8/3/2022, 6:21:51 PM.829,0.344,836.9268292682926,287.80487804878044,83.7,,,,
8/3/2022, 6:22:01 PM.999,0.34,836.0975609756097,287.80487804878044,83.62,,,,
8/3/2022, 6:22:12 PM.228,0.34,835.5121951219512,284.8780487804878,83.56,,,,
8/3/2022, 6:22:22 PM.388,0.344,834.9268292682926,284.8780487804878,83.5,,,,
8/3/2022, 6:22:32 PM.549,0.34,834.2439024390244,287.80487804878044,83.45,,,,
8/3/2022, 6:22:42 PM.709,0.34,834.2439024390244,282.92682926829264,83.4,,,,
8/3/2022, 6:22:52 PM.874,0.34,833.5121951219512,282.92682926829264,83.35000000000001,,,,
8/3/2022, 6:23:03 PM.30,0.34,833.0243902439024,285.8536585365853,83.29,,,,
8/3/2022, 6:23:13 PM.191,0.34,832.6341463414634,282.92682926829264,83.26,,,,
8/3/2022, 6:23:23 PM.354,0.34,832.0975609756097,282.92682926829264,83.23,,,,
8/3/2022, 6:23:33 PM.509,0.344,831.5121951219512,282.92682926829264,83.19,,,,
8/3/2022, 6:23:43 PM.669,0.336,831.3170731707316,282.92682926829264,83.14,,,,
8/3/2022, 6:23:53 PM.828,0.34,830.5365853658536,279.99999999999994,83.06,,,,
8/3/2022, 6:24:04 PM.7,0.336,830.4390243902438,282.92682926829264,83.05,,,,
8/3/2022, 6:24:14 PM.230,0.336,830,282.92682926829264,83,,,,
8/3/2022, 6:24:24 PM.389,0.34,831.2195121951219,282.92682926829264,83.11,,,,
8/3/2022, 6:24:34 PM.553,0.34,831.0243902439024,282.92682926829264,83.13,,,,
8/3/2022, 6:24:44 PM.709,0.34,830.8292682926829,285.8536585365853,83.09,,,,
8/3/2022, 6:24:54 PM.873,0.34,830.6341463414634,279.99999999999994,83.05,,,,
8/3/2022, 6:25:05 PM.34,0.34,830.7317073170732,282.92682926829264,83.08,,,,
8/3/2022, 6:25:15 PM.195,0.34,830.7317073170732,282.92682926829264,83.07000000000001,,,,
8/3/2022, 6:25:25 PM.354,0.34,830.5365853658536,282.92682926829264,83.06,,,,
8/3/2022, 6:25:35 PM.592,0.34,830.6341463414634,282.92682926829264,83.09,,,,
8/3/2022, 6:25:45 PM.748,0.34,830.6341463414634,282.92682926829264,83.08,,,,
8/3/2022, 6:25:55 PM.909,0.416,1031.121951219512,428.29268292682923,103.16,,,,
8/3/2022, 6:26:06 PM.76,0.36,901.3170731707316,327.80487804878044,90.08,,,,
8/3/2022, 6:26:16 PM.228,0.332,824.5365853658536,273.17073170731703,82.46000000000001,,,,
8/3/2022, 6:26:26 PM.388,0.336,833.609756097561,279.99999999999994,83.34,,,,
8/3/2022, 6:26:36 PM.521,0.356,882.5365853658535,315.12195121951214,88.25,,,,
8/3/2022, 6:26:46 PM.709,0.352,872.1951219512194,310.24390243902434,87.24,,,,
8/3/2022, 6:26:56 PM.871,0.332,816.5365853658536,268.29268292682923,81.85000000000001,,,,
8/3/2022, 6:27:07 PM.30,0.316,785.1219512195121,250.7317073170731,78.61,,,,
8/3/2022, 6:27:17 PM.195,0.344,845.8048780487804,290.73170731707313,84.62,,,,
8/3/2022, 6:27:27 PM.352,0.34,839.5121951219512,280.9756097560975,83.95,,,,
8/3/2022, 6:27:37 PM.508,0.24,583.4390243902438,139.02439024390242,59.36,,,,
8/3/2022, 6:27:47 PM.668,0.3,739.4390243902438,221.46341463414632,73.76,,,,
8/3/2022, 6:27:57 PM.831,0.292,720.1219512195122,210.24390243902437,71.96000000000001,,,,
8/3/2022, 6:28:07 PM.993,0.288,713.0243902439024,205.36585365853657,71.15,,,,
8/3/2022, 6:28:18 PM.149,0.312,774.5365853658536,241.46341463414632,77.47,,,,
8/3/2022, 6:28:28 PM.310,0.308,763.1219512195121,235.12195121951217,76.33,,,,
8/3/2022, 6:28:38 PM.470,0.3,742.1219512195122,222.92682926829266,74.22,,,,
8/3/2022, 6:28:48 PM.638,0.312,761.1219512195121,234.14634146341461,76.11,,,,
8/3/2022, 6:28:58 PM.762,0.272,675.4390243902438,182.92682926829266,66.18,,,,
8/3/2022, 6:29:08 PM.948,0.276,687.5365853658536,192.68292682926827,68.86,,,,
8/3/2022, 6:29:19 PM.108,0.312,762.4390243902438,235.12195121951217,76.24,,,,
8/3/2022, 6:29:29 PM.270,0.312,767.4390243902438,239.99999999999997,76.76,,,,
8/3/2022, 6:29:39 PM.390,0.312,769.6341463414633,239.99999999999997,76.98,,,,
8/3/2022, 6:29:49 PM.554,0.312,769.2195121951219,239.99999999999997,76.93,,,,
8/3/2022, 6:29:59 PM.677,0.308,765.0243902439023,239.0243902439024,76.51,,,,
8/3/2022, 6:30:09 PM.858,0.304,762.3170731707316,235.12195121951217,76.24,,,,
8/3/2022, 6:30:19 PM.994,0.308,754.7317073170731,229.2682926829268,75.46000000000001,,,,
8/3/2022, 6:30:30 PM.151,0.296,731.219512195122,219.99999999999997,73.10000000000001,,,,
8/3/2022, 6:30:40 PM.309,0.296,741.3414634146342,219.99999999999997,74.14,,,,
8/3/2022, 6:30:50 PM.442,0.304,748.2195121951219,227.80487804878047,74.82000000000001,,,,
8/3/2022, 6:31:00 PM.633,0.296,734.829268292683,217.56097560975607,73.49,,,,
8/3/2022, 6:31:10 PM.779,0.3,737.4390243902438,218.04878048780486,73.75,,,,
8/3/2022, 6:31:20 PM.911,0.3,737.1219512195122,218.04878048780486,73.69,,,,
8/3/2022, 6:31:31 PM.35,0.3,743.0243902439023,226.34146341463412,74.3,,,,
8/3/2022, 6:31:41 PM.193,0.3,746.6341463414633,223.90243902439022,74.67,,,,
8/3/2022, 6:31:51 PM.349,0.284,702.6341463414634,199.02439024390242,70.07000000000001,,,,
8/3/2022, 6:32:01 PM.510,0.296,734.6341463414634,214.14634146341461,73.5,,,,
8/3/2022, 6:32:11 PM.671,0.304,744.2195121951219,222.92682926829266,74.43,,,,
8/3/2022, 6:32:21 PM.831,0.3,730.5365853658536,213.17073170731703,73.06,,,,
8/3/2022, 6:32:31 PM.990,0.284,706.5365853658536,202.92682926829266,70.62,,,,
8/3/2022, 6:32:42 PM.150,0.292,724.6341463414634,211.70731707317069,72.44,,,,
8/3/2022, 6:32:52 PM.308,0.292,720.8292682926829,210.24390243902437,72.07000000000001,,,,
8/3/2022, 6:33:02 PM.470,0.3,746.6341463414633,223.90243902439022,74.68,,,,
8/3/2022, 6:33:12 PM.712,0.304,747.6341463414633,226.8292682926829,74.77,,,,
8/3/2022, 6:33:23 PM.38,0.304,746.6341463414633,226.8292682926829,74.67,,,,
8/3/2022, 6:33:33 PM.268,0.3,739.3414634146342,221.46341463414632,73.95,,,,
8/3/2022, 6:33:43 PM.442,0.288,712.0243902439024,204.390243902439,71.2,,,,
8/3/2022, 6:33:53 PM.670,0.284,705.0243902439024,200.48780487804876,70.55,,,,
8/3/2022, 6:34:03 PM.831,0.288,713.5365853658536,205.36585365853657,71.45,,,,
8/3/2022, 6:34:13 PM.991,0.304,747.4390243902438,224.390243902439,74.76,,,,
8/3/2022, 6:34:24 PM.149,0.304,747.8292682926829,227.80487804878047,74.81,,,,
8/3/2022, 6:34:34 PM.310,0.3,744.9268292682925,226.34146341463412,74.5,,,,
8/3/2022, 6:34:44 PM.468,0.288,705.5365853658536,200.48780487804876,70.57000000000001,,,,
8/3/2022, 6:34:54 PM.628,0.3,744.2195121951219,222.92682926829266,74.41,,,,
8/3/2022, 6:35:04 PM.790,0.3,737.219512195122,218.04878048780486,73.72,,,,
8/3/2022, 6:35:14 PM.957,0.3,745.4390243902437,223.90243902439022,74.55,,,,
8/3/2022, 6:35:25 PM.356,0.304,746.9268292682925,226.8292682926829,74.71000000000001,,,,
8/3/2022, 6:35:35 PM.512,0.304,747.0243902439023,226.8292682926829,74.7,,,,
8/3/2022, 6:35:45 PM.671,0.3,744.6341463414633,226.34146341463412,74.47,,,,
8/3/2022, 6:35:55 PM.833,0.284,689.8292682926829,195.60975609756096,68.93,,,,
8/3/2022, 6:36:05 PM.989,0.292,722.0243902439024,211.21951219512192,72.26,,,,
8/3/2022, 6:36:16 PM.157,0.296,737.219512195122,218.04878048780486,73.72,,,,
8/3/2022, 6:36:26 PM.309,0.3,741.6341463414634,221.9512195121951,74.18,,,,
8/3/2022, 6:36:36 PM.469,0.3,738.829268292683,221.46341463414632,73.9,,,,
8/3/2022, 6:36:46 PM.629,0.276,679.9268292682926,187.80487804878047,67.99,,,,
8/3/2022, 6:36:56 PM.789,0.276,687.8292682926829,191.21951219512192,69.14,,,,
8/3/2022, 6:37:06 PM.950,0.304,747.5365853658535,226.8292682926829,74.76,,,,
8/3/2022, 6:37:17 PM.198,0.304,752.9268292682925,231.7073170731707,75.31,,,,
8/3/2022, 6:37:27 PM.354,0.304,754.2195121951219,229.2682926829268,75.43,,,,
8/3/2022, 6:37:37 PM.509,0.304,753.9268292682925,229.2682926829268,75.39,,,,
8/3/2022, 6:37:47 PM.670,0.304,753.2195121951219,229.2682926829268,75.32000000000001,,,,
8/3/2022, 6:37:57 PM.830,0.304,753.5365853658535,231.7073170731707,75.36,,,,
8/3/2022, 6:38:07 PM.963,0.304,752.3170731707316,228.78048780487802,75.23,,,,
8/3/2022, 6:38:18 PM.93,0.304,750.7317073170731,228.78048780487802,75.09,,,,
8/3/2022, 6:38:28 PM.231,0.3,749.8292682926829,227.80487804878047,74.99,,,,
8/3/2022, 6:38:38 PM.364,0.304,750.1219512195121,227.80487804878047,75.02,,,,
8/3/2022, 6:38:48 PM.548,0.304,747.3170731707316,226.8292682926829,74.72,,,,
8/3/2022, 6:38:58 PM.710,0.292,715.8292682926829,208.78048780487802,71.60000000000001,,,,
8/3/2022, 6:39:08 PM.950,0.288,705.0243902439024,200.48780487804876,70.52,,,,
8/3/2022, 6:39:19 PM.109,0.288,708.2439024390244,201.46341463414632,70.86,,,,
8/3/2022, 6:39:29 PM.233,0.272,679.2439024390243,187.80487804878047,68.05,,,,
8/3/2022, 6:39:39 PM.394,0.292,724.219512195122,211.70731707317069,72.41,,,,
8/3/2022, 6:39:49 PM.553,0.296,739.6341463414634,221.9512195121951,73.97,,,,
8/3/2022, 6:39:59 PM.679,0.296,741.0243902439024,221.9512195121951,74.11,,,,
8/3/2022, 6:40:09 PM.832,0.3,745.9268292682925,226.8292682926829,74.60000000000001,,,,
8/3/2022, 6:40:20 PM.51,0.3,741.219512195122,221.9512195121951,74.12,,,,
8/3/2022, 6:40:30 PM.174,0.3,733.219512195122,217.56097560975607,73.34,,,,
8/3/2022, 6:40:40 PM.734,0.296,732.4390243902438,216.58536585365852,73.24,,,,
8/3/2022, 6:40:50 PM.909,0.296,727.5365853658536,212.68292682926827,72.77,,,,
8/3/2022, 6:41:01 PM.54,0.288,710.3414634146341,201.46341463414632,71.03,,,,
8/3/2022, 6:41:11 PM.182,0.272,667.2439024390243,181.46341463414632,66.8,,,,
8/3/2022, 6:41:21 PM.352,0.28,686.7317073170731,191.7073170731707,68.67,,,,
8/3/2022, 6:41:31 PM.508,0.272,676.7317073170731,186.8292682926829,67.68,,,,
8/3/2022, 6:41:41 PM.669,0.296,725.0243902439024,215.12195121951217,72.51,,,,
8/3/2022, 6:41:51 PM.841,0.296,729.3414634146342,212.68292682926827,72.94,,,,
8/3/2022, 6:42:02 PM.70,0.292,725.7317073170732,215.12195121951217,72.58,,,,
8/3/2022, 6:42:12 PM.229,0.292,727.5365853658536,215.12195121951217,72.76,,,,
8/3/2022, 6:42:22 PM.399,0.296,729.5365853658536,215.60975609756093,73,,,,
8/3/2022, 6:42:32 PM.630,0.296,738.3414634146342,221.46341463414632,73.84,,,,
8/3/2022, 6:42:42 PM.869,0.296,738.219512195122,221.46341463414632,73.83,,,,
8/3/2022, 6:42:53 PM.33,0.296,737.0243902439024,221.46341463414632,73.7,,,,
8/3/2022, 6:43:03 PM.370,0.296,735.7317073170732,217.56097560975607,73.58,,,,
8/3/2022, 6:43:13 PM.844,0.296,735.1219512195122,217.56097560975607,73.51,,,,
8/3/2022, 6:43:23 PM.990,0.296,734.4390243902438,217.56097560975607,73.46000000000001,,,,
8/3/2022, 6:43:34 PM.150,0.296,733.0243902439024,217.56097560975607,73.32000000000001,,,,
8/3/2022, 6:43:44 PM.309,0.296,731.219512195122,216.58536585365852,73.12,,,,
8/3/2022, 6:43:54 PM.479,0.296,730.4390243902438,216.58536585365852,73.05,,,,
8/3/2022, 6:44:04 PM.631,0.292,725.1219512195122,211.70731707317069,72.52,,,,
8/3/2022, 6:44:14 PM.791,0.296,723.3414634146342,211.21951219512192,72.34,,,,
8/3/2022, 6:44:24 PM.948,0.292,721.8292682926829,211.21951219512192,72.18,,,,
8/3/2022, 6:44:35 PM.109,0.292,721.9268292682926,211.21951219512192,72.19,,,,
8/3/2022, 6:44:45 PM.270,0.292,718.6341463414634,210.24390243902437,71.88,,,,
8/3/2022, 6:44:55 PM.431,0.284,711.5365853658536,204.390243902439,71.15,,,,
8/3/2022, 6:45:05 PM.593,0.288,706.4390243902438,203.90243902439022,70.64,,,,
8/3/2022, 6:45:15 PM.748,0.284,701.7317073170731,199.02439024390242,70.19,,,,
8/3/2022, 6:45:25 PM.877,0.272,677.9268292682926,184.39024390243898,67.8,,,,
8/3/2022, 6:45:36 PM.69,0.276,677.5365853658536,184.39024390243898,67.74,,,,
8/3/2022, 6:45:46 PM.233,0.268,660.0487804878048,174.14634146341461,66.09,,,,
8/3/2022, 6:45:56 PM.388,0.272,674.6341463414633,183.90243902439022,67.47,,,,
8/3/2022, 6:46:06 PM.550,0.284,694.7317073170731,194.14634146341461,69.45,,,,
8/3/2022, 6:46:16 PM.709,0.276,677.2439024390243,186.8292682926829,67.7,,,,
8/3/2022, 6:46:26 PM.870,0.284,709.8292682926829,204.390243902439,70.99,,,,
8/3/2022, 6:46:37 PM.31,0.004,0,0,0,,,,
8/3/2022, 6:46:47 PM.192,0.276,683.0243902439024,185.36585365853657,68.29,,,,
8/3/2022, 6:46:57 PM.349,0.256,631.0487804878047,161.46341463414632,63.11,,,,
8/3/2022, 6:47:07 PM.511,0.012,12.597560975609754,0,1.25,,,,
8/3/2022, 6:47:17 PM.649,0.012,12.402439024390242,0,1.23,,,,
8/3/2022, 6:47:27 PM.829,0.012,12.097560975609754,0,1.2,,,,
8/3/2022, 6:47:37 PM.988,0.012,11.999999999999998,0,1.21,,,,
8/3/2022, 6:47:48 PM.106,0.012,12.304878048780486,0,1.22,,,,
8/3/2022, 6:47:58 PM.311,0.008,12.19512195121951,0,1.22,,,,
8/3/2022, 6:48:08 PM.469,0.012,12.097560975609754,0,1.21,,,,
8/3/2022, 6:48:18 PM.590,0.008,12.19512195121951,0,1.22,,,,
8/3/2022, 6:48:28 PM.714,0.012,12.19512195121951,0,1.22,,,,
8/3/2022, 6:48:38 PM.869,0.012,12.402439024390242,0,1.24,,,,
8/3/2022, 6:48:49 PM.31,0.012,12.597560975609754,0,1.27,,,,
8/3/2022, 6:48:59 PM.158,0.012,12.69512195121951,0,1.28,,,,
8/3/2022, 6:49:09 PM.349,0.012,12.597560975609754,0,1.27,,,,
8/3/2022, 6:49:19 PM.508,0.264,670.1463414634146,180,67.04,,,,
8/3/2022, 6:49:29 PM.669,0.24,595.3414634146341,142.92682926829266,59.620000000000005,,,,
8/3/2022, 6:49:39 PM.799,0.26,651.1463414634145,169.2682926829268,65.14,,,,
8/3/2022, 6:49:49 PM.930,0.26,638.3414634146341,163.90243902439022,63.910000000000004,,,,
8/3/2022, 6:50:00 PM.58,0.264,652.7317073170731,171.7073170731707,65.22,,,,
8/3/2022, 6:50:10 PM.235,0.22,540.951219512195,112.68292682926828,51.86,,,,
8/3/2022, 6:50:20 PM.392,0.26,635.951219512195,162.92682926829266,63.58,,,,
8/3/2022, 6:50:30 PM.636,0.26,647.9268292682926,168.78048780487802,64.79,,,,
8/3/2022, 6:50:40 PM.868,0.248,612.8536585365854,151.7073170731707,61.27,,,,
8/3/2022, 6:50:50 PM.997,0.248,617.7317073170732,153.65853658536582,61.76,,,,
8/3/2022, 6:51:01 PM.122,0.264,661.9268292682926,177.5609756097561,66.19,,,,
8/3/2022, 6:51:11 PM.349,0.268,660.8292682926829,176.58536585365852,65.75,,,,
8/3/2022, 6:51:21 PM.516,0.264,655.6341463414633,173.65853658536585,65.59,,,,
8/3/2022, 6:51:31 PM.668,0.244,609.7317073170732,151.21951219512195,60.9,,,,
8/3/2022, 6:51:41 PM.829,0.252,627.829268292683,160.48780487804876,62.78,,,,
8/3/2022, 6:51:51 PM.992,0.224,566.4390243902438,132.68292682926827,57.29,,,,
8/3/2022, 6:52:02 PM.152,0.236,580.0487804878048,136.58536585365852,58.03,,,,
8/3/2022, 6:52:12 PM.312,0.252,624.3414634146342,157.56097560975607,62.42,,,,
8/3/2022, 6:52:22 PM.469,0.244,601.1463414634146,146.8292682926829,59.85,,,,
8/3/2022, 6:52:32 PM.635,0.228,569.8536585365853,131.7073170731707,58.13,,,,
8/3/2022, 6:52:42 PM.789,0.236,582.7560975609756,135.12195121951217,58.24,,,,
8/3/2022, 6:52:52 PM.953,0.256,637.951219512195,165.36585365853657,63.77,,,,
8/3/2022, 6:53:03 PM.111,0.244,608.6341463414634,148.78048780487805,60.79,,,,
8/3/2022, 6:53:13 PM.270,0.24,594.3414634146341,142.4390243902439,59.42,,,,
8/3/2022, 6:53:23 PM.428,0.26,647.9268292682926,168.78048780487802,64.57000000000001,,,,
8/3/2022, 6:53:33 PM.589,0.268,660.6341463414633,177.5609756097561,66.13,,,,
8/3/2022, 6:53:43 PM.748,0.268,664.8292682926829,178.04878048780486,66.48,,,,
8/3/2022, 6:53:53 PM.909,0.24,590.1463414634146,141.46341463414632,58.97,,,,
8/3/2022, 6:54:04 PM.69,0.212,523.951219512195,111.21951219512194,52.14,,,,
8/3/2022, 6:54:14 PM.309,0.236,585.7560975609756,138.04878048780486,58.6,,,,
8/3/2022, 6:54:24 PM.468,0.236,581.951219512195,135.12195121951217,58.300000000000004,,,,
8/3/2022, 6:54:34 PM.628,0.248,613.8536585365854,151.7073170731707,61.370000000000005,,,,
8/3/2022, 6:54:44 PM.790,0.22,542.6585365853658,121.46341463414632,54.1,,,,
8/3/2022, 6:54:54 PM.950,0.256,630.1463414634145,159.02439024390242,63.01,,,,
8/3/2022, 6:55:05 PM.112,0.252,619.829268292683,155.60975609756096,61.99,,,,
8/3/2022, 6:55:15 PM.355,0.256,634.2439024390243,162.43902439024387,63.42,,,,
8/3/2022, 6:55:25 PM.514,0.008,0.09756097560975609,0,0,,,,
8/3/2022, 6:55:35 PM.669,0.348,868.9268292682925,302.4390243902439,86.9,,,,
8/3/2022, 6:55:45 PM.829,0.348,869.6097560975609,307.31707317073165,86.98,,,,
8/3/2022, 6:55:55 PM.993,0.356,881.5121951219511,313.17073170731703,88.16,,,,
8/3/2022, 6:56:06 PM.309,0.356,882.9268292682925,318.04878048780483,88.3,,,,
8/3/2022, 6:56:16 PM.469,0.356,877.2195121951219,316.0975609756097,87.72,,,,
8/3/2022, 6:56:26 PM.628,0.356,873.3170731707316,310.24390243902434,87.33,,,,
8/3/2022, 6:56:36 PM.791,0.356,871.7073170731707,310.24390243902434,87.2,,,,
8/3/2022, 6:56:47 PM.32,0.352,867.7073170731707,308.29268292682923,86.78,,,,
8/3/2022, 6:56:57 PM.189,0.352,864.8292682926829,303.4146341463414,86.49,,,,
8/3/2022, 6:57:07 PM.353,0.352,860.4390243902437,302.4390243902439,86.06,,,,
8/3/2022, 6:57:17 PM.497,0.332,813.3170731707316,270.24390243902434,81.34,,,,
8/3/2022, 6:57:27 PM.637,0.324,804.5365853658536,263.4146341463414,80.46000000000001,,,,
8/3/2022, 6:57:37 PM.802,0.328,800.2439024390243,258.5365853658536,80.04,,,,
8/3/2022, 6:57:47 PM.989,0.328,803.2195121951219,263.4146341463414,80.35000000000001,,,,
8/3/2022, 6:57:58 PM.149,0.324,803.3170731707316,263.4146341463414,80.4,,,,
8/3/2022, 6:58:08 PM.311,0.008,-0.09756097560975609,0,-0.01,,,,
